Date,BRENT_OIL_Price,BRENT_OIL_Open,BRENT_OIL_High,BRENT_OIL_Low,BRENT_OIL_Vol.,BRENT_OIL_Change %
11/24/23,81.67,81.41,81.81,81.26,,0.31%
11/23/23,81.42,81.6,81.63,80.19,108.32K,-0.66%
11/22/23,81.96,82.47,82.65,78.41,367.18K,-0.59%
11/21/23,82.45,82.13,82.54,81.43,238.51K,0.16%
11/20/23,82.32,80.3,82.94,79.58,248.33K,2.12%
11/17/23,80.61,77.55,80.81,77.28,340.03K,4.12%
11/16/23,77.42,80.98,81.17,76.6,441.64K,-4.63%
11/15/23,81.18,82.39,83.04,80.79,299.42K,-1.56%
11/14/23,82.47,82.71,83.97,82.06,248.94K,-0.06%
11/13/23,82.52,81.43,82.84,80.41,243.30K,1.34%
11/10/23,81.43,79.85,82.06,79.79,249.55K,1.77%
11/09/23,80.01,79.7,81.48,79.44,306.11K,0.59%
11/08/23,79.54,81.4,81.96,79.2,420.70K,-2.54%
11/07/23,81.61,85.15,85.19,81.4,402.76K,-4.19%
11/06/23,85.18,85.55,86.46,84.88,239.23K,0.34%
11/03/23,84.89,86.92,87.8,84.56,354.85K,-2.26%
11/02/23,86.85,85,87.05,84.64,301.87K,2.62%
11/01/23,84.63,85.45,87.24,84.58,321.66K,-3.18%
10/31/23,87.41,87.9,88.61,87.4,13.68K,-0.05%
10/30/23,87.45,90.07,90.15,87.2,99.04K,-3.35%
10/27/23,90.48,88.4,90.75,87.83,109.14K,2.90%
10/26/23,87.93,89.92,90.4,87.53,198.64K,-2.44%
10/25/23,90.13,88.04,90.35,86.68,290.91K,2.34%
10/24/23,88.07,90.47,90.68,87.35,304.12K,-1.96%
10/23/23,89.83,92.11,92.45,89.62,282.44K,-2.53%
10/20/23,92.16,93.23,93.79,91.66,272.72K,-0.24%
10/19/23,92.38,91.35,93.48,89.57,309.00K,0.96%
10/18/23,91.5,91.25,93,90.6,348.19K,1.78%
10/17/23,89.9,89.91,91,88.88,252.83K,0.28%
10/16/23,89.65,90.98,91.39,89.5,283.25K,-1.36%
10/13/23,90.89,86.35,91,86.28,424.71K,5.69%
10/12/23,86,85.53,87.64,85.18,370.44K,0.21%
10/11/23,85.82,87.72,88.26,85.21,402.31K,-2.09%
10/10/23,87.65,88.17,88.49,86.91,352.11K,-0.57%
10/09/23,88.15,86.45,89,86,412.76K,4.22%
10/06/23,84.58,84.49,84.95,83.44,424.46K,0.61%
10/05/23,84.07,85.88,86.52,83.84,510.68K,-2.03%
10/04/23,85.81,91.04,91.21,85.75,525.56K,-5.62%
10/03/23,90.92,90.4,91.56,89.5,437.64K,0.23%
10/02/23,90.71,92.18,93.33,90.35,423.48K,-4.83%
09/29/23,95.31,95.07,96.26,94.9,12.84K,-0.07%
09/28/23,95.38,96.74,97.69,94.76,91.45K,-1.21%
09/27/23,96.55,94.12,97.06,94.1,146.72K,2.76%
09/26/23,93.96,93.28,94.21,91.8,169.45K,0.72%
09/25/23,93.29,93.75,94.25,92.54,177.62K,0.02%
09/22/23,93.27,93.37,94.64,92.8,240.04K,-0.03%
09/21/23,93.3,93.08,94.6,92.2,314.69K,-0.25%
09/20/23,93.53,94.49,94.72,92.76,330.59K,-0.86%
09/19/23,94.34,94.66,95.96,94.16,403.40K,-0.10%
09/18/23,94.43,94.28,94.95,93.79,337.78K,0.53%
09/15/23,93.93,94.02,94.63,92.67,316.90K,0.25%
09/14/23,93.7,92.04,94.21,92.02,310.00K,1.98%
09/13/23,91.88,92.04,92.84,91.63,302.75K,-0.20%
09/12/23,92.06,90.62,92.4,90.52,336.57K,1.57%
09/11/23,90.64,90.83,91.45,90.11,303.42K,-0.01%
09/08/23,90.65,89.79,91.02,89.3,298.14K,0.81%
09/07/23,89.92,90.81,90.89,89.46,213.02K,-0.75%
09/06/23,90.6,90.12,91.1,89.25,282.91K,0.62%
09/05/23,90.04,88.91,91.15,88.06,428.45K,1.17%
09/04/23,89,88.95,89.22,88.26,140.67K,0.51%
09/01/23,88.55,86.82,88.99,86.74,380.76K,1.95%
08/31/23,86.86,86,86.94,85.74,11.27K,1.16%
08/30/23,85.86,85.62,86.23,85.11,86.74K,0.43%
08/29/23,85.49,84.39,85.65,83.8,115.36K,1.27%
08/28/23,84.42,84.87,85.23,84.11,88.35K,-0.07%
08/25/23,84.48,83.26,84.97,82.67,230.35K,1.34%
08/24/23,83.36,82.95,83.62,81.97,253.84K,0.18%
08/23/23,83.21,83.99,84.26,81.94,361.61K,-0.98%
08/22/23,84.03,84.46,84.66,83.85,287.35K,-0.51%
08/21/23,84.46,84.8,85.86,84.31,289.24K,-0.40%
08/18/23,84.8,83.88,85.08,83.33,287.97K,0.81%
08/17/23,84.12,83.2,84.88,83.05,305.58K,0.80%
08/16/23,83.45,85.2,85.36,83.13,334.45K,-1.70%
08/15/23,84.89,86.12,86.68,84.29,305.41K,-1.53%
08/14/23,86.21,86.53,86.71,85.5,267.09K,-0.69%
08/11/23,86.81,86.37,87.35,85.84,318.06K,0.47%
08/10/23,86.4,87.39,88.1,86.2,337.57K,-1.31%
08/09/23,87.55,86,87.65,85.91,388.30K,1.60%
08/08/23,86.17,85.79,86.34,83.32,375.87K,0.97%
08/07/23,85.34,86.23,86.73,85.03,259.62K,-1.04%
08/04/23,86.24,85.31,86.65,85.06,268.75K,1.29%
08/03/23,85.14,83.46,85.41,82.36,392.61K,2.33%
08/02/23,83.2,85.86,85.99,82.74,399.19K,-2.01%
08/01/23,84.91,85.24,85.91,84.21,297.77K,-0.76%
07/31/23,85.56,84.95,85.8,84.4,16.53K,0.67%
07/28/23,84.99,83.71,85.09,83.22,102.84K,0.89%
07/27/23,84.24,82.93,84.5,82.93,110.65K,1.59%
07/26/23,82.92,83.19,83.85,82.58,173.82K,-0.86%
07/25/23,83.64,82.85,83.87,82.22,234.66K,1.09%
07/24/23,82.74,80.95,83.16,80.42,295.10K,2.06%
07/21/23,81.07,79.78,81.24,79.65,294.35K,1.80%
07/20/23,79.64,79.33,80.27,78.66,236.41K,0.23%
07/19/23,79.46,79.84,80.93,79.17,311.44K,-0.21%
07/18/23,79.63,78.52,79.99,78.19,366.47K,1.44%
07/17/23,78.5,79.36,80.64,78.25,341.16K,-1.72%
07/14/23,79.87,81.64,81.7,79.53,311.23K,-1.83%
07/13/23,81.36,80.19,81.75,79.88,416.12K,1.56%
07/12/23,80.11,79.32,80.55,79.21,362.33K,0.89%
07/11/23,79.4,77.82,79.5,77.63,333.84K,2.20%
07/10/23,77.69,78.6,78.77,77.36,288.40K,-0.99%
07/07/23,78.47,76.52,78.54,76.03,331.53K,2.55%
07/06/23,76.52,76.7,77.09,75.03,0.43K,-0.17%
07/05/23,76.65,76.03,76.95,75.3,293.74K,0.52%
07/04/23,76.25,74.89,76.29,74.74,157.96K,2.14%
07/03/23,74.65,75.11,76.6,74.56,328.00K,-0.33%
06/30/23,74.9,74.22,75.4,74.21,14.70K,0.75%
06/29/23,74.34,73.72,74.98,73.39,72.87K,0.42%
06/28/23,74.03,72.62,74.2,71.57,91.45K,2.45%
06/27/23,72.26,74.28,74.9,72.08,161.15K,-2.59%
06/26/23,74.18,74.5,74.85,73.42,150.17K,0.45%
06/23/23,73.85,74.02,74.44,72.11,169.54K,-0.39%
06/22/23,74.14,77.03,77.2,73.59,329.53K,-3.86%
06/21/23,77.12,75.54,77.24,75.52,236.55K,1.61%
06/20/23,75.9,76.12,77.15,74.51,276.38K,-0.25%
06/19/23,76.09,76.4,76.93,75.34,141.42K,-0.68%
06/16/23,76.61,75.64,76.74,75.08,256.25K,1.24%
06/15/23,75.67,73.41,75.97,72.91,260.41K,3.37%
06/14/23,73.2,74.05,75.49,73.03,318.37K,-1.47%
06/13/23,74.29,72.11,74.66,71.94,321.15K,3.41%
06/12/23,71.84,74.87,74.87,71.58,358.50K,-3.94%
06/09/23,74.79,75.53,76.57,74.71,260.20K,-1.54%
06/08/23,75.96,76.8,77.68,73.58,393.89K,-1.29%
06/07/23,76.95,76.22,77.64,75.51,325.63K,0.87%
06/06/23,76.29,76.55,76.75,74.72,304.58K,-0.55%
06/05/23,76.71,77.68,78.73,76.31,384.00K,0.76%
06/02/23,76.13,74.28,76.5,74.18,273.54K,2.49%
06/01/23,74.28,72.15,75.25,72.03,349.92K,2.23%
05/31/23,72.66,73.6,73.81,71.39,20.11K,-1.20%
05/30/23,73.54,76.98,77.57,73.2,112.18K,-4.58%
05/29/23,77.07,77.39,77.75,76.15,31.55K,0.16%
05/26/23,76.95,76.09,77.35,75.73,150.62K,0.90%
05/25/23,76.26,78.22,78.5,75.1,237.72K,-2.68%
05/24/23,78.36,77.7,78.66,77.03,285.99K,1.98%
05/23/23,76.84,76.15,77.74,75.65,287.23K,1.12%
05/22/23,75.99,75.63,76.46,74.55,241.96K,0.54%
05/19/23,75.58,76.03,77.5,75.12,240.53K,-0.37%
05/18/23,75.86,76.78,76.99,75.5,232.00K,-1.43%
05/17/23,76.96,74.67,77.31,74.1,297.06K,2.74%
05/16/23,74.91,75.55,75.95,74.5,216.20K,-0.43%
05/15/23,75.23,74.15,75.75,73.49,240.52K,1.43%
05/12/23,74.17,75.35,75.85,74.03,259.22K,-1.08%
05/11/23,74.98,76.62,77.41,74.61,345.16K,-1.87%
05/10/23,76.41,77.36,77.6,75.68,311.37K,-1.33%
05/09/23,77.44,76.71,77.5,75.07,283.41K,0.56%
05/08/23,77.01,75.23,77.43,74.95,185.75K,2.27%
05/05/23,75.3,72.69,75.75,72.41,265.07K,3.86%
05/04/23,72.5,71.28,73.72,71.28,362.23K,0.24%
05/03/23,72.33,75.31,75.58,71.7,469.62K,-3.97%
05/02/23,75.32,79.28,79.78,75.07,383.59K,-5.03%
05/01/23,79.31,80.11,80.24,78.13,146.56K,-0.29%
04/28/23,79.54,78.25,79.61,77.69,13.30K,1.49%
04/27/23,78.37,77.77,78.61,77.39,104.39K,0.88%
04/26/23,77.69,80.92,81.47,77.46,172.82K,-3.81%
04/25/23,80.77,82.59,83.06,80.35,209.28K,-2.37%
04/24/23,82.73,81.87,82.99,80.48,197.90K,1.31%
04/21/23,81.66,80.79,82.05,80.45,196.85K,0.69%
04/20/23,81.1,82.75,82.92,80.77,302.90K,-2.43%
04/19/23,83.12,84.9,85.15,82.39,333.22K,-1.95%
04/18/23,84.77,84.74,85.41,83.81,315.70K,0.01%
04/17/23,84.76,86.43,86.52,84.34,261.81K,-1.80%
04/14/23,86.31,86.18,86.87,85.53,262.58K,0.26%
04/13/23,86.09,87.19,87.47,86.05,291.94K,-1.42%
04/12/23,87.33,85.59,87.49,85.39,347.80K,2.01%
04/11/23,85.61,84.24,85.67,83.75,262.67K,1.70%
04/10/23,84.18,85.1,85.66,84.09,140.53K,-1.10%
04/06/23,85.12,84.89,85.45,84.05,259.62K,0.15%
04/05/23,84.99,85.22,85.54,84.01,246.48K,0.06%
04/04/23,84.94,84.89,86.04,83.82,308.53K,0.01%
04/03/23,84.93,86,86.44,83.5,478.31K,6.47%
03/31/23,79.77,79.19,79.8,78.54,6.85K,0.63%
03/30/23,79.27,78.23,79.55,77.86,62.92K,1.26%
03/29/23,78.28,78.97,79.68,77.94,79.54K,-0.47%
03/28/23,78.65,78.23,79.2,77.54,145.68K,0.68%
03/27/23,78.12,75,78.42,74.8,146.95K,4.17%
03/24/23,74.99,75.53,76.32,72.68,156.31K,-1.21%
03/23/23,75.91,75.87,77.44,75.12,199.64K,-0.62%
03/22/23,76.38,74.9,76.79,74.26,244.69K,1.80%
03/21/23,75.03,73.44,75.12,72.62,297.90K,2.03%
03/20/23,73.54,72.97,73.65,70.06,348.71K,1.06%
03/17/23,72.77,74.3,75.59,71.38,477.37K,-2.05%
03/16/23,74.29,73.85,75.12,71.49,306.20K,1.38%
03/15/23,73.28,77.3,78.26,71.3,576.46K,-5.38%
03/14/23,77.45,80.54,80.92,76.89,357.86K,-4.11%
03/13/23,80.77,82.6,83.48,78.34,467.28K,-2.43%
03/10/23,82.78,81.47,83.11,80.73,369.28K,1.46%
03/09/23,81.59,82.55,84,81.42,282.56K,-1.29%
03/08/23,82.66,83.03,83.59,82.06,297.09K,-0.76%
03/07/23,83.29,86.23,86.75,82.83,295.19K,-3.35%
03/06/23,86.18,85.83,86.35,84.34,244.34K,0.41%
03/03/23,85.83,84.61,86,82.36,312.90K,1.27%
03/02/23,84.75,84.31,85.1,83.83,214.22K,0.52%
03/01/23,84.31,83.05,84.49,82.61,242.66K,0.50%
02/28/23,83.89,82.3,84.15,82.19,12.30K,1.75%
02/27/23,82.45,83.19,83.6,81.73,58.85K,-0.45%
02/24/23,82.82,82.33,83.09,80.75,289.76K,1.06%
02/23/23,81.95,80.31,82.46,80.25,293.33K,1.86%
02/22/23,80.45,82.5,82.96,80.3,297.26K,-3.13%
02/21/23,83.05,83.86,84.2,82.56,231.63K,-1.21%
02/20/23,84.07,83.15,84.3,82.73,143.85K,1.29%
02/17/23,83,84.6,84.87,81.8,303.66K,-2.51%
02/16/23,85.14,85.27,86.21,84.6,197.02K,-0.28%
02/15/23,85.38,85.2,85.85,83.88,245.98K,-0.23%
02/14/23,85.58,85.83,86.42,84.13,231.63K,-1.19%
02/13/23,86.61,86.51,86.95,85.1,207.62K,0.25%
02/10/23,86.39,84.22,86.9,83.93,297.34K,2.24%
02/09/23,84.5,84.96,85.5,83.05,260.73K,-0.69%
02/08/23,85.09,84.11,85.15,83.51,254.14K,1.67%
02/07/23,83.69,81.26,84.13,81.19,290.98K,3.33%
02/06/23,80.99,79.61,81.43,79.1,325.21K,1.31%
02/03/23,79.94,82.27,84.2,79.62,330.32K,-2.71%
02/02/23,82.17,83.34,83.61,81.25,287.09K,-0.81%
02/01/23,82.84,85.56,86.21,82.37,348.66K,-1.95%
01/31/23,84.49,85.18,85.25,83.73,11.89K,-0.48%
01/30/23,84.9,86.88,87.48,84.66,65.55K,-2.03%
01/27/23,86.66,87.65,88.95,85.69,107.08K,-0.93%
01/26/23,87.47,86.35,88.01,85.74,139.10K,1.57%
01/25/23,86.12,86.28,87,85.41,159.47K,-0.01%
01/24/23,86.13,88.07,88.71,85.8,207.75K,-2.34%
01/23/23,88.19,87.7,89.09,86.92,192.41K,0.64%
01/20/23,87.63,86.42,87.79,85.58,212.92K,1.71%
01/19/23,86.16,84.34,86.85,83.76,250.96K,1.39%
01/18/23,84.98,86.45,87.85,84.36,288.15K,-1.09%
01/17/23,85.92,84.2,86.82,84.04,238.30K,1.73%
01/16/23,84.46,85.36,85.59,83.83,125.96K,-0.96%
01/13/23,85.28,83.91,85.5,83.5,217.40K,1.49%
01/12/23,84.03,82.88,84.62,82.37,264.07K,1.65%
01/11/23,82.67,79.52,83,79.31,273.79K,3.21%
01/10/23,80.1,79.54,80.89,78.81,244.35K,0.56%
01/09/23,79.65,78.42,81.37,78.42,245.12K,1.37%
01/06/23,78.57,78.8,80.59,78.05,215.42K,-0.15%
01/05/23,78.69,78.16,79.97,77.61,259.58K,1.09%
01/04/23,77.84,82.31,82.72,77.72,319.31K,-5.19%
01/03/23,82.1,85.96,87,81.78,302.86K,-4.43%
12/30/22,85.91,83.71,86,82.88,168.65K,4.44%
12/29/22,82.26,82.88,83.14,81.28,10.99K,-1.20%
12/28/22,83.26,84.6,84.76,81.92,57.56K,-1.68%
12/27/22,84.68,85,86.1,84.19,160.09K,0.21%
12/23/22,84.5,82.32,84.7,81.83,180.40K,3.47%
12/22/22,81.67,82.93,84.21,81.35,211.18K,-1.10%
12/21/22,82.58,80.53,82.92,80.06,178.09K,2.55%
12/20/22,80.53,80.6,81.19,79,184.12K,0.49%
12/19/22,80.14,79.49,81.19,79.02,164.92K,0.82%
12/16/22,79.49,81.44,81.87,78.76,236.09K,-2.25%
12/15/22,81.32,82.84,83.18,80.92,162.08K,-1.73%
12/14/22,82.75,80.53,83.22,80.31,178.26K,2.34%
12/13/22,80.86,78.53,81.34,78.41,201.46K,3.22%
12/12/22,78.34,77.34,78.89,75.67,158.37K,2.27%
12/09/22,76.6,77.15,77.81,75.64,157.00K,0.01%
12/08/22,76.59,77.9,79.49,76.19,209.68K,-1.29%
12/07/22,77.59,80.07,80.79,77.32,207.04K,-2.61%
12/06/22,79.67,83.19,83.69,79.05,225.87K,-3.62%
12/05/22,82.66,85.7,88.2,82.53,193.04K,-3.38%
12/02/22,85.55,86.69,87.68,85.17,141.36K,-1.53%
12/01/22,86.88,86.78,89.37,86.26,229.13K,1.70%
11/30/22,85.43,83.77,85.67,83.61,9.05K,2.89%
11/29/22,83.03,82.41,86,82.39,67.93K,-0.19%
11/28/22,83.19,83.58,84.1,80.61,102.56K,-0.53%
11/25/22,83.63,85.5,86.87,83.59,85.31K,-2.00%
11/24/22,85.34,85.04,85.54,83.9,75.61K,-0.08%
11/23/22,85.41,88.47,89.56,84.12,212.14K,-3.34%
11/22/22,88.36,87.76,89.9,87.35,190.85K,1.04%
11/21/22,87.45,87.74,87.98,82.31,354.60K,-0.19%
11/18/22,87.62,90.1,90.63,85.8,379.66K,-2.41%
11/17/22,89.78,92.73,92.91,89.53,313.53K,-3.32%
11/16/22,92.86,94.11,94.79,91.67,257.62K,-1.07%
11/15/22,93.86,92.59,95.77,91.53,317.50K,0.77%
11/14/22,93.14,95.87,96.95,92.5,248.25K,-2.97%
11/11/22,95.99,93.84,96.92,93.69,238.07K,2.48%
11/10/22,93.67,92.53,94.32,91.73,278.53K,1.10%
11/09/22,92.65,95.17,95.65,92.33,308.02K,-2.84%
11/08/22,95.36,98.24,98.3,95,251.67K,-2.61%
11/07/22,97.92,97.31,99.56,96.5,241.94K,-0.66%
11/04/22,98.57,94.58,98.81,94.33,307.09K,4.12%
11/03/22,94.67,95.36,95.98,94.19,229.12K,-1.55%
11/02/22,96.16,94.85,96.5,94.01,253.00K,1.60%
11/01/22,94.65,92.67,95.55,92.33,247.65K,-0.19%
10/31/22,94.83,96.47,96.47,94.25,15.00K,-0.98%
10/28/22,95.77,96.58,96.89,94.96,89.94K,-1.23%
10/27/22,96.96,96.05,97.27,95.07,84.57K,1.33%
10/26/22,95.69,92.91,96.25,92.06,138.00K,4.31%
10/25/22,91.74,91.4,92.48,89.75,222.20K,0.58%
10/24/22,91.21,91.23,92.3,89.01,178.75K,-0.14%
10/21/22,91.34,90.48,91.72,89.17,181.51K,0.98%
10/20/22,90.45,90.47,92.66,90.01,211.69K,-0.12%
10/19/22,90.56,89.31,90.95,87.9,260.25K,2.21%
10/18/22,88.6,90.53,91.22,87.52,247.36K,-1.75%
10/17/22,90.18,90.2,91.79,89.49,163.34K,0.03%
10/14/22,90.15,92.81,93.45,89.81,153.89K,-4.67%
10/13/22,94.57,92.49,94.92,91.08,280.52K,2.29%
10/12/22,92.45,93.72,95.17,91.56,257.66K,-1.95%
10/11/22,94.29,95.93,96.46,93.11,259.03K,-1.98%
10/10/22,96.19,98.75,98.75,95.6,215.37K,-1.77%
10/07/22,97.92,94.71,98.58,93.94,269.40K,3.71%
10/06/22,94.42,93.71,94.98,92.72,207.53K,1.12%
10/05/22,93.37,91.89,93.96,90.76,296.20K,1.71%
10/04/22,91.8,88.81,92.4,88.78,282.38K,3.31%
10/03/22,88.86,86.35,89.82,86.35,270.69K,1.02%
09/30/22,87.96,88.53,89.8,87.69,5.89K,-0.60%
09/29/22,88.49,88.97,90.12,87.33,57.86K,-0.93%
09/28/22,89.32,86.14,89.47,84.26,74.33K,5.24%
09/27/22,84.87,82.84,85.84,82.81,252.52K,2.43%
09/26/22,82.86,85.54,86.45,82.44,257.04K,-2.55%
09/23/22,85.03,89.57,89.88,84.55,304.20K,-5.03%
09/22/22,89.53,88.83,91.74,88.28,219.29K,0.82%
09/21/22,88.8,89.57,92.23,88.31,247.64K,-0.67%
09/20/22,89.4,90.85,91.57,88.56,209.16K,-2.83%
09/19/22,92,91.43,92.57,88.5,138.53K,0.71%
09/16/22,91.35,90.51,92.66,90.25,197.48K,0.56%
09/15/22,90.84,94.65,94.66,90.03,257.62K,-3.46%
09/14/22,94.1,93.4,95.8,91.93,259.90K,1.00%
09/13/22,93.17,94.31,95.53,91.05,275.17K,-0.88%
09/12/22,94,92.54,95.17,91.21,210.43K,1.25%
09/09/22,92.84,88.62,93.12,88.6,202.94K,4.76%
09/08/22,88.62,87.98,89.82,87.25,,0.70%
09/07/22,88,92.81,93.8,87.4,300.20K,-5.20%
09/06/22,92.83,95.19,95.94,92.3,225.95K,-3.04%
09/05/22,95.74,93.02,96.99,93.02,144.26K,2.92%
09/02/22,93.02,92.66,95.32,92.65,210.00K,0.71%
09/01/22,92.36,95.18,95.68,91.81,297.55K,-4.28%
08/31/22,96.49,99.79,100.46,95.44,10.07K,-1.38%
08/30/22,97.84,102.88,103.48,96.63,356.10K,-4.95%
08/29/22,102.93,98.96,103.22,98.25,211.63K,3.96%
08/26/22,99.01,98.95,100.1,96.96,277.48K,0.56%
08/25/22,98.46,100.79,101.53,98.23,223.98K,-1.87%
08/24/22,100.34,99.3,100.89,98.27,233.92K,1.18%
08/23/22,99.17,96,99.41,95.81,198.99K,3.51%
08/22/22,95.81,95.36,96.66,92,186.81K,-0.94%
08/19/22,96.72,96.68,97.88,94.25,178.60K,0.13%
08/18/22,96.59,93.29,97.42,93.05,208.55K,3.14%
08/17/22,93.65,92.67,94.48,91.51,199.19K,1.42%
08/16/22,92.34,94.01,95.95,91.71,217.75K,-2.90%
08/15/22,95.1,97.72,98.17,92.78,217.57K,-3.11%
08/12/22,98.15,99.33,100.38,96.94,188.13K,-1.46%
08/11/22,99.6,97.04,100.17,96.63,219.42K,2.26%
08/10/22,97.4,96.34,97.97,93.63,247.74K,1.13%
08/09/22,96.31,96.36,98.4,94.9,219.67K,-0.35%
08/08/22,96.65,94.51,96.82,93.01,201.25K,1.82%
08/05/22,94.92,93.65,96.4,92.78,216.20K,0.85%
08/04/22,94.12,97.1,97.66,93.2,264.81K,-2.75%
08/03/22,96.78,99.73,102.41,96.5,293.11K,-3.74%
08/02/22,100.54,99.87,102.41,98.49,229.68K,0.51%
08/01/22,100.03,103.92,104.43,99.09,272.84K,-9.07%
07/29/22,110.01,108,110.67,106.9,9.13K,2.68%
07/28/22,107.14,107.31,109.06,106,80.84K,0.49%
07/27/22,106.62,104.75,107.86,103.73,77.69K,2.13%
07/26/22,104.4,104.73,107.34,103.99,110.00K,-0.71%
07/25/22,105.15,103.85,105.38,101.64,123.67K,1.89%
07/22/22,103.2,103.86,105.72,101.9,137.24K,-0.64%
07/21/22,103.86,106.49,106.78,101.5,228.70K,-2.86%
07/20/22,106.92,107.07,107.45,105.08,186.70K,-0.40%
07/19/22,107.35,105.74,107.61,103.6,226.40K,1.02%
07/18/22,106.27,100.82,106.48,99.46,213.50K,5.05%
07/15/22,101.16,99.91,102.64,98.17,218.09K,2.08%
07/14/22,99.1,99.43,100.39,94.5,318.79K,-0.47%
07/13/22,99.57,98.5,101.21,98.28,247.47K,0.08%
07/12/22,99.49,106.25,106.56,98.9,275.62K,-7.11%
07/11/22,107.1,107,107.7,103.64,194.66K,0.07%
07/08/22,107.02,104.65,107.47,103.67,238.35K,2.26%
07/07/22,104.65,100.14,106.35,98.5,279.66K,3.93%
07/06/22,100.69,104.88,105.85,98.5,350.30K,-2.02%
07/05/22,102.77,113.54,114.75,101.1,428.84K,-9.45%
07/04/22,113.5,111.65,114,110.4,100.59K,1.68%
07/01/22,111.63,109.49,112.45,108.03,235.42K,-2.77%
06/30/22,114.81,116.01,116.67,114.22,7.11K,-1.25%
06/29/22,116.26,117.96,120.41,115.2,54.34K,-1.46%
06/28/22,117.98,115.74,118.27,115.72,65.76K,2.51%
06/27/22,115.09,112.92,116.08,111.26,118.10K,1.74%
06/24/22,113.12,110.04,114,109.24,134.18K,2.79%
06/23/22,110.05,109.58,112.7,108.04,195.92K,-1.51%
06/22/22,111.74,114.4,114.45,107.03,293.05K,-2.54%
06/21/22,114.65,114.21,116.25,114.02,204.03K,0.46%
06/20/22,114.13,113.88,114.5,111.52,161.60K,0.89%
06/17/22,113.12,119.13,121.25,111.72,319.91K,-5.58%
06/16/22,119.81,119.65,120.29,115.56,276.68K,1.10%
06/15/22,118.51,120.79,121.88,117.75,231.06K,-2.20%
06/14/22,121.17,121.88,125.19,118.91,291.26K,-0.90%
06/13/22,122.27,121.94,123.7,118.93,257.11K,0.21%
06/10/22,122.01,122.89,124.33,119.81,294.28K,-0.86%
06/09/22,123.07,123.6,124.34,122.5,218.98K,-0.41%
06/08/22,123.58,120.65,124.4,120.45,256.29K,2.50%
06/07/22,120.57,119.94,121.37,118.55,276.72K,0.89%
06/06/22,119.51,121.55,121.95,118.77,204.09K,-0.18%
06/03/22,119.72,118.22,121.45,116.02,141.66K,1.79%
06/02/22,117.61,115.02,118.46,112.45,216.90K,1.14%
06/01/22,116.29,116.08,118.57,115.4,242.16K,-5.33%
05/31/22,122.84,122.2,125.28,121.6,11.56K,0.96%
05/30/22,121.67,119.28,122.01,118.98,42.41K,1.88%
05/27/22,119.43,117.52,119.72,116.63,81.16K,1.73%
05/26/22,117.4,114.35,118,113.85,123.58K,2.96%
05/25/22,114.03,114.12,115.3,113.01,152.33K,0.41%
05/24/22,113.56,112.79,114.63,111.7,191.73K,0.12%
05/23/22,113.42,112.85,114.34,111.86,196.51K,0.77%
05/20/22,112.55,111.45,113.23,110.52,180.89K,0.46%
05/19/22,112.04,108.22,112.31,105.7,272.35K,2.69%
05/18/22,109.11,112.91,114.15,108.35,245.04K,-2.52%
05/17/22,111.93,114.42,115.69,111.09,277.89K,-2.02%
05/16/22,114.24,111.67,114.79,108.84,218.44K,2.41%
05/13/22,111.55,108.25,111.69,107.79,220.32K,3.82%
05/12/22,107.45,107.67,108.71,104.69,264.26K,-0.06%
05/11/22,107.51,101.51,108.29,101.3,287.53K,4.93%
05/10/22,102.46,105.5,106.96,101.54,327.99K,-3.28%
05/09/22,105.94,112.94,113.2,105,302.17K,-5.74%
05/06/22,112.39,111.27,113.5,109.87,249.83K,1.34%
05/05/22,110.9,110.55,114,109.2,279.88K,0.69%
05/04/22,110.14,105.91,111,105.46,241.68K,4.93%
05/03/22,104.97,107.61,108.32,104.62,184.20K,-2.43%
05/02/22,107.58,106.3,108.46,103.1,151.34K,-1.61%
04/29/22,109.34,107.55,110.3,107,12.02K,1.63%
04/28/22,107.59,104.96,108,103.29,73.32K,2.16%
04/27/22,105.32,105.45,106.33,103.27,67.06K,0.31%
04/26/22,104.99,102.53,106.2,101.08,138.20K,2.61%
04/25/22,102.32,105.49,105.85,99.48,156.35K,-4.06%
04/22/22,106.65,108.26,108.76,105.54,125.87K,-1.55%
04/21/22,108.33,107.07,109.8,106.76,185.38K,1.43%
04/20/22,106.8,108.1,109,104.65,243.67K,-0.42%
04/19/22,107.25,112.85,114.21,106.74,239.91K,-5.22%
04/18/22,113.16,112.32,114.84,110.71,132.15K,1.31%
04/14/22,111.7,108.29,112.39,106.63,210.18K,2.68%
04/13/22,108.78,105.44,109,104.06,247.26K,3.96%
04/12/22,104.64,99.35,105.6,98.9,273.95K,6.26%
04/11/22,98.48,103.21,103.3,97.57,238.69K,-4.18%
04/08/22,102.78,101.42,103.3,99.65,217.64K,2.19%
04/07/22,100.58,101.78,103.59,98.41,296.03K,-0.48%
04/06/22,101.07,105.7,108.67,100.54,286.52K,-5.22%
04/05/22,106.64,108.51,109.9,104.53,203.06K,-0.83%
04/04/22,107.53,104.08,108.68,102.89,218.68K,3.01%
04/01/22,104.39,105.25,106.24,102.35,238.62K,-3.26%
03/31/22,107.91,112.81,112.94,106.5,8.68K,-4.88%
03/30/22,113.45,112,114.8,110.74,72.33K,2.92%
03/29/22,110.23,110.1,114.83,104.84,93.68K,-2.00%
03/28/22,112.48,119.9,119.9,109.06,150.82K,-6.77%
03/25/22,120.65,118.88,120.92,115.16,133.46K,1.36%
03/24/22,119.03,121.56,123.74,116.93,177.66K,-2.11%
03/23/22,121.6,114.7,122.34,114.45,224.53K,5.30%
03/22/22,115.48,117.04,119.48,112.64,204.66K,-0.12%
03/21/22,115.62,107.5,116.8,107.06,196.49K,7.12%
03/18/22,107.93,106.8,109.59,105.78,168.91K,1.21%
03/17/22,106.64,98.61,107.5,97.75,200.95K,8.79%
03/16/22,98.02,99.14,103.7,96.93,246.82K,-1.89%
03/15/22,99.91,105.34,105.71,97.44,318.12K,-6.54%
03/14/22,106.9,113.15,113.15,103.49,265.91K,-5.12%
03/11/22,112.67,110.26,113.91,107.13,287.39K,3.05%
03/10/22,109.33,112.65,118.36,109,352.34K,-1.63%
03/09/22,111.14,130.28,131.64,105.6,521.58K,-13.16%
03/08/22,127.98,124.56,133.15,121.31,469.99K,3.87%
03/07/22,123.21,122.79,139.13,119.04,419.93K,4.32%
03/04/22,118.11,114.23,118.98,109.62,334.41K,6.93%
03/03/22,110.46,115.27,119.84,109.4,452.52K,-2.19%
03/02/22,112.93,107.34,115.11,106.83,490.57K,7.58%
03/01/22,104.97,98.43,107.67,98.3,492.51K,3.94%
02/28/22,100.99,101.98,105.07,99.64,22.96K,3.12%
02/25/22,97.93,100.69,101.99,96,68.98K,-1.16%
02/24/22,99.08,98.08,105.79,97.56,167.79K,2.31%
02/23/22,96.84,96.65,98.71,95.81,238.63K,0.00%
02/22/22,96.84,96.55,99.5,95.8,316.38K,1.52%
02/21/22,95.39,94.29,97.4,92.57,217.04K,1.98%
02/18/22,93.54,92.73,94.15,90.12,348.35K,0.61%
02/17/22,92.97,92.2,94.5,92.14,347.79K,-1.94%
02/16/22,94.81,93.49,96.07,91.11,393.79K,1.64%
02/15/22,93.28,95.81,96.26,92.06,378.25K,-3.32%
02/14/22,96.48,95.2,96.78,93.44,373.09K,2.16%
02/11/22,94.44,91.17,95.66,90.51,452.11K,3.31%
02/10/22,91.41,91.75,93.1,90.88,369.01K,-0.15%
02/09/22,91.55,91.08,92.09,90.05,294.00K,0.85%
02/08/22,90.78,92.63,92.93,89.93,368.55K,-2.06%
02/07/22,92.69,92.75,94,92.13,317.29K,-0.62%
02/04/22,93.27,91.3,93.7,91.2,322.13K,2.37%
02/03/22,91.11,89.07,91.3,88.02,301.79K,1.83%
02/02/22,89.47,89.48,90.52,88.28,319.43K,0.35%
02/01/22,89.16,89.62,89.96,87.72,271.77K,-2.25%
01/31/22,91.21,90.8,91.48,90.61,11.01K,1.31%
01/28/22,90.03,89.98,91.7,89.41,102.01K,0.77%
01/27/22,89.34,89.7,91.04,89,131.70K,-0.69%
01/26/22,89.96,87.95,90.47,87.79,260.11K,2.00%
01/25/22,88.2,86.76,88.37,86.2,256.21K,2.24%
01/24/22,86.27,87.93,88.9,85.04,309.89K,-1.84%
01/21/22,87.89,86.75,88.23,85.71,288.21K,-0.55%
01/20/22,88.38,87.89,89.5,87.05,279.52K,-0.07%
01/19/22,88.44,88.65,89.17,87.61,350.94K,1.06%
01/18/22,87.51,86.47,88.66,86.44,356.88K,1.19%
01/17/22,86.48,86.15,86.71,85.54,139.82K,0.49%
01/14/22,86.06,84.12,86.5,83.99,304.72K,1.88%
01/13/22,84.47,84.87,85.1,83.79,265.20K,-0.24%
01/12/22,84.67,83.78,85.21,83.52,301.39K,1.13%
01/11/22,83.72,81.08,83.98,80.89,324.94K,3.52%
01/10/22,80.87,81.76,82.3,80.5,300.65K,-1.08%
01/07/22,81.75,82,83,81.42,286.11K,-0.29%
01/06/22,81.99,80.22,82.83,79.61,353.16K,1.47%
01/05/22,80.8,80.07,81.5,79.51,331.74K,1.00%
01/04/22,80,78.91,80.55,78.62,291.68K,1.29%
01/03/22,78.98,78.11,79.28,77.04,201.03K,1.54%
12/31/21,77.78,78.81,79.68,77.55,148.96K,-1.94%
12/30/21,79.32,79.19,79.66,78.5,10.90K,0.11%
12/29/21,79.23,79.28,80.17,78.13,69.63K,0.37%
12/28/21,78.94,78.67,79.85,78.48,50.41K,0.43%
12/27/21,78.6,76.32,79.08,75.75,85.39K,3.23%
12/24/21,76.14,76.72,76.79,75.75,30.54K,-0.92%
12/23/21,76.85,75.47,77,74.78,161.24K,2.07%
12/22/21,75.29,74.05,75.67,73.62,166.71K,1.77%
12/21/21,73.98,71.88,74.27,71.24,214.07K,3.44%
12/20/21,71.52,72.82,72.87,69.28,333.76K,-2.72%
12/17/21,73.52,74.5,74.98,72.65,231.41K,-2.00%
12/16/21,75.02,74.47,75.61,74,223.64K,1.54%
12/15/21,73.88,73.25,74.58,72.5,233.19K,0.24%
12/14/21,73.7,74.42,75.16,72.57,277.86K,-0.93%
12/13/21,74.39,75.37,76.39,74.2,265.51K,-1.01%
12/10/21,75.15,73.99,75.71,73.8,221.36K,0.98%
12/09/21,74.42,75.94,76.7,73.84,283.39K,-1.85%
12/08/21,75.82,75.44,76.37,74.38,322.08K,0.50%
12/07/21,75.44,73.6,76.27,73.2,312.28K,3.23%
12/06/21,73.08,70.24,73.8,70.24,255.40K,4.58%
12/03/21,69.88,70.22,72.62,69.24,331.82K,0.30%
12/02/21,69.67,69.72,70.7,65.72,526.60K,1.16%
12/01/21,68.87,69.8,72.87,68.14,420.40K,-2.41%
11/30/21,70.57,74.42,74.56,70.22,24.82K,-3.91%
11/29/21,73.44,73.88,77.02,72.41,126.35K,0.99%
11/26/21,72.72,81.65,81.66,72.14,170.78K,-11.55%
11/25/21,82.22,82.24,82.58,81.7,80.45K,-0.04%
11/24/21,82.25,81.88,83,81.74,231.07K,-0.07%
11/23/21,82.31,79.51,82.6,78.55,366.60K,3.27%
11/22/21,79.7,78.58,80.07,77.58,350.90K,1.03%
11/19/21,78.89,81,82.24,78.05,479.93K,-2.89%
11/18/21,81.24,80.1,81.41,79.28,306.85K,1.20%
11/17/21,80.28,82.05,82.22,79.78,406.75K,-2.61%
11/16/21,82.43,82,83.14,81.52,340.72K,0.46%
11/15/21,82.05,81.92,82.49,80.67,273.72K,-0.15%
11/12/21,82.17,82.83,82.87,81.26,289.30K,-0.84%
11/11/21,82.87,82.85,83.44,81.66,336.14K,0.28%
11/10/21,82.64,84.99,85.5,82.08,366.31K,-2.52%
11/09/21,84.78,83.47,85.3,83.16,346.57K,1.62%
11/08/21,83.43,82.58,84,82.53,269.60K,0.83%
11/05/21,82.74,81.25,83.16,80.26,379.69K,2.73%
11/04/21,80.54,81.58,84.49,80.2,472.43K,-1.77%
11/03/21,81.99,84.07,84.2,81.1,380.11K,-3.22%
11/02/21,84.72,84.45,85.23,83.76,317.07K,0.01%
11/01/21,84.71,83.63,85.12,83.03,302.90K,0.39%
10/29/21,84.38,84.33,84.83,83.79,22.77K,0.07%
10/28/21,84.32,84.21,84.59,82.32,118.14K,-0.31%
10/27/21,84.58,86.07,86.28,84.05,149.75K,-2.11%
10/26/21,86.4,86.03,86.5,85.27,222.56K,0.48%
10/25/21,85.99,85.65,86.7,85.43,294.55K,0.54%
10/22/21,85.53,84.52,85.93,83.82,298.35K,1.09%
10/21/21,84.61,85.9,86.1,83.36,373.65K,-1.41%
10/20/21,85.82,85.19,85.89,83.61,378.69K,0.87%
10/19/21,85.08,84.21,85.4,83.7,371.79K,0.89%
10/18/21,84.33,84.95,86.04,83.95,340.96K,-0.62%
10/15/21,84.86,84.3,85.1,84.16,276.47K,1.02%
10/14/21,84,83.45,84.5,83.18,316.64K,0.99%
10/13/21,83.18,83.1,83.69,82.2,333.68K,-0.29%
10/12/21,83.42,83.49,84.23,82.72,331.41K,-0.27%
10/11/21,83.65,82.65,84.6,82.54,330.44K,1.53%
10/08/21,82.39,82.38,83.43,81.96,360.97K,0.54%
10/07/21,81.95,80.98,82.5,79.08,393.10K,1.07%
10/06/21,81.08,82.57,83.47,80.6,401.36K,-1.79%
10/05/21,82.56,81.27,83.13,81.19,340.27K,1.60%
10/04/21,81.26,79.49,82,78.75,362.37K,2.50%
10/01/21,79.28,78.49,79.41,77.55,282.37K,0.97%
09/30/21,78.52,78.46,79.11,77.6,20.51K,-0.15%
09/29/21,78.64,78.25,79.4,77.5,97.97K,-0.57%
09/28/21,79.09,79.4,80.75,78.1,132.33K,-0.55%
09/27/21,79.53,78.25,79.9,78.21,231.13K,1.84%
09/24/21,78.09,77.26,78.24,76.85,163.23K,1.09%
09/23/21,77.25,75.9,77.35,75.6,226.59K,1.39%
09/22/21,76.19,74.56,76.26,74.49,255.75K,2.46%
09/21/21,74.36,74.33,75.18,73.26,258.71K,0.60%
09/20/21,73.92,75.33,75.4,73.52,313.75K,-1.88%
09/17/21,75.34,75.68,75.78,74.58,254.86K,-0.44%
09/16/21,75.67,75.46,75.87,74.48,236.51K,0.28%
09/15/21,75.46,73.92,76.13,73.78,289.45K,2.53%
09/14/21,73.6,73.62,74.28,73.08,278.58K,0.12%
09/13/21,73.51,72.88,73.92,72.69,244.73K,0.81%
09/10/21,72.92,71.37,73.15,70.94,250.51K,2.06%
09/09/21,71.45,72.61,73.2,70.88,377.81K,-1.58%
09/08/21,72.6,71.64,72.95,71.55,325.36K,1.27%
09/07/21,71.69,72.29,72.81,71.1,257.40K,-0.73%
09/06/21,72.22,72.57,72.78,71.51,127.87K,-0.54%
09/03/21,72.61,72.86,73.69,72.4,211.42K,-0.58%
09/02/21,73.03,71.31,73.47,70.92,255.42K,2.01%
09/01/21,71.59,71.68,72.38,70.42,282.49K,-1.92%
08/31/21,72.99,73.14,73.52,72.62,12.59K,-0.57%
08/30/21,73.41,73.25,73.69,72,68.66K,0.98%
08/27/21,72.7,71.53,72.76,71.17,92.20K,2.29%
08/26/21,71.07,71.94,72.13,70.66,179.57K,-1.63%
08/25/21,72.25,71,72.42,70.5,242.07K,1.69%
08/24/21,71.05,68.66,71.27,68.53,301.30K,3.35%
08/23/21,68.75,64.97,68.9,64.6,271.56K,5.48%
08/20/21,65.18,66.54,66.93,64.94,254.45K,-1.91%
08/19/21,66.45,67.57,67.64,65.57,345.97K,-2.61%
08/18/21,68.23,68.96,70.04,67.23,316.98K,-1.16%
08/17/21,69.03,69.77,70,68.82,239.96K,-0.69%
08/16/21,69.51,70.05,70.45,68.14,294.02K,-1.53%
08/13/21,70.59,71.12,71.38,70,202.42K,-1.01%
08/12/21,71.31,71.57,71.9,70.67,224.99K,-0.18%
08/11/21,71.44,70.83,71.72,69.07,324.04K,1.15%
08/10/21,70.63,69.35,71.24,68.94,246.13K,2.30%
08/09/21,69.04,70.26,70.26,67.6,353.68K,-2.35%
08/06/21,70.7,71.2,72.43,70.28,298.96K,-0.83%
08/05/21,71.29,70.27,71.5,69.75,261.05K,1.29%
08/04/21,70.38,72.33,72.83,70.11,370.13K,-2.80%
08/03/21,72.41,73.08,73.55,71.05,303.73K,-0.66%
08/02/21,72.89,75.39,75.39,72.31,304.87K,-4.51%
07/30/21,76.33,75.81,76.38,75.38,14.39K,0.37%
07/29/21,76.05,74.76,76.15,74.63,78.27K,1.75%
07/28/21,74.74,74.77,75.32,74.42,111.62K,0.35%
07/27/21,74.48,74.67,75.05,74.02,181.94K,-0.03%
07/26/21,74.5,74.12,74.84,72.75,210.64K,0.54%
07/23/21,74.1,73.56,74.22,73.32,181.66K,0.42%
07/22/21,73.79,72.24,73.9,71.74,251.60K,2.16%
07/21/21,72.23,68.92,72.38,68.63,306.32K,4.15%
07/20/21,69.35,68.99,69.73,67.44,316.48K,1.06%
07/19/21,68.62,72.86,73.34,67.75,510.92K,-6.75%
07/16/21,73.59,73.18,74.09,72.34,292.66K,0.16%
07/15/21,73.47,74.5,74.59,73.19,322.33K,-1.73%
07/14/21,74.76,76.28,76.72,73.79,376.94K,-2.26%
07/13/21,76.49,75.25,76.6,74.93,275.91K,1.77%
07/12/21,75.16,75.79,75.84,74.23,262.30K,-0.52%
07/09/21,75.55,74.39,75.8,73.8,248.18K,1.93%
07/08/21,74.12,73.35,74.4,72.11,314.34K,0.94%
07/07/21,73.43,74.69,75.99,72.6,387.43K,-1.48%
07/06/21,74.53,77.06,77.84,74.13,410.70K,-3.41%
07/05/21,77.16,76.23,77.26,75.7,157.22K,1.30%
07/02/21,76.17,75.64,76.43,75.21,236.22K,0.44%
07/01/21,75.84,74.69,76.74,74.55,405.16K,0.95%
06/30/21,75.13,75.18,75.6,74.39,15.06K,0.49%
06/29/21,74.76,74.67,75.51,73.9,94.94K,0.11%
06/28/21,74.68,75.99,76.6,74.51,142.11K,-1.97%
06/25/21,76.18,75.54,76.21,74.95,172.41K,0.82%
06/24/21,75.56,75.3,75.78,74.51,165.05K,0.49%
06/23/21,75.19,74.75,76.02,74.7,229.04K,0.51%
06/22/21,74.81,74.88,75.3,74.32,294.72K,-0.12%
06/21/21,74.9,73.33,74.95,72.98,265.47K,1.89%
06/18/21,73.51,73,73.76,72.18,231.55K,0.59%
06/17/21,73.08,73.8,74.5,72.01,336.64K,-1.76%
06/16/21,74.39,74.26,74.96,73.86,306.09K,0.54%
06/15/21,73.99,73.03,74.33,72.79,228.62K,1.55%
06/14/21,72.86,72.7,73.64,72.59,200.72K,0.23%
06/11/21,72.69,72.41,73.09,71.88,276.48K,0.23%
06/10/21,72.52,72.03,72.93,70.95,346.58K,0.42%
06/09/21,72.22,72.17,72.87,71.82,266.37K,0.00%
06/08/21,72.22,71.42,72.42,70.71,285.23K,1.02%
06/07/21,71.49,71.82,72.27,71.1,224.33K,-0.56%
06/04/21,71.89,71.25,72.17,70.73,222.00K,0.81%
06/03/21,71.31,71.27,71.99,70.66,229.79K,-0.06%
06/02/21,71.35,70.55,71.48,70.35,221.63K,1.57%
06/01/21,70.25,69.39,71.34,69.29,302.49K,1.34%
05/31/21,69.32,68.98,69.82,68.75,80.18K,-0.45%
05/28/21,69.63,69.69,69.92,69.26,21.26K,0.24%
05/27/21,69.46,68.78,69.51,68.11,86.51K,0.86%
05/26/21,68.87,68.55,69.17,68.02,134.62K,0.32%
05/25/21,68.65,68.47,68.9,67.83,183.13K,0.28%
05/24/21,68.46,66.72,68.64,66.46,227.25K,3.04%
05/21/21,66.44,65.22,66.94,64.57,257.64K,2.04%
05/20/21,65.11,66.63,67.17,64.8,388.16K,-2.33%
05/19/21,66.66,68.41,68.46,65.3,386.89K,-2.98%
05/18/21,68.71,69.61,70.24,67.28,378.02K,-1.08%
05/17/21,69.46,68.92,69.62,68.18,230.78K,1.09%
05/14/21,68.71,67,68.89,66.5,286.13K,2.48%
05/13/21,67.05,68.88,69.04,66.48,312.00K,-3.27%
05/12/21,69.32,68.78,69.9,68.18,310.30K,1.12%
05/11/21,68.55,68.29,68.75,67.13,321.86K,0.34%
05/10/21,68.32,68.74,69.2,67.41,265.60K,0.06%
05/07/21,68.28,68.26,68.65,67.39,262.58K,0.28%
05/06/21,68.09,68.47,69.37,67.93,273.28K,-1.26%
05/05/21,68.96,69.35,69.95,68.35,283.73K,0.12%
05/04/21,68.88,67.75,69.5,67.37,249.64K,1.95%
05/03/21,67.56,66.7,67.82,66.1,148.71K,0.46%
04/30/21,67.25,68.33,68.4,67.06,14.84K,-1.91%
04/29/21,68.56,67.18,68.95,67.13,91.52K,1.92%
04/28/21,67.27,66.58,67.85,66.13,148.95K,1.28%
04/27/21,66.42,65.76,66.8,65.66,222.92K,1.17%
04/26/21,65.65,66.1,66.26,64.57,257.58K,-0.70%
04/23/21,66.11,65.8,66.3,65.16,187.90K,1.09%
04/22/21,65.4,65.13,65.83,64.58,242.47K,0.12%
04/21/21,65.32,66.22,66.52,64.96,260.88K,-1.88%
04/20/21,66.57,67.2,68.08,65.51,328.24K,-0.72%
04/19/21,67.05,66.7,67.23,66.17,193.81K,0.42%
04/16/21,66.77,66.86,67.38,66.44,212.20K,-0.25%
04/15/21,66.94,66.38,67.03,65.95,240.31K,0.54%
04/14/21,66.58,64.01,66.9,63.88,323.04K,4.57%
04/13/21,63.67,63.24,64.19,63.18,242.41K,0.62%
04/12/21,63.28,63.03,64.31,62.41,257.84K,0.52%
04/09/21,62.95,63.28,63.49,62.57,216.24K,-0.40%
04/08/21,63.2,63.02,63.43,62.38,265.18K,0.06%
04/07/21,63.16,62.6,63.55,61.6,321.39K,0.67%
04/06/21,62.74,62.32,64.28,62.08,307.87K,0.95%
04/05/21,62.15,64.57,64.81,61.25,231.78K,-4.18%
04/01/21,64.86,63.12,65.17,62.38,480.37K,2.08%
03/31/21,63.54,64.13,64.79,63.53,9.70K,-0.94%
03/30/21,64.14,65.2,65.41,63.52,74.36K,-1.29%
03/29/21,64.98,64.58,65.46,63.13,91.75K,0.63%
03/26/21,64.57,62.01,64.89,61.85,147.74K,4.23%
03/25/21,61.95,63.99,64.19,60.98,202.58K,-3.82%
03/24/21,64.41,60.5,64.57,60.47,255.12K,5.95%
03/23/21,60.79,64.3,64.3,60.27,392.60K,-5.93%
03/22/21,64.62,64.53,65.12,63.45,236.34K,0.14%
03/19/21,64.53,62.99,64.95,62.07,446.11K,1.98%
03/18/21,63.28,67.77,68.15,61.45,516.08K,-6.94%
03/17/21,68,68.39,68.89,66.96,309.76K,-0.57%
03/16/21,68.39,68.81,68.94,67.36,248.99K,-0.71%
03/15/21,68.88,69.08,70.03,67.82,262.60K,-0.49%
03/12/21,69.22,69.59,69.9,69.03,251.54K,-0.59%
03/11/21,69.63,68.45,69.84,67.99,289.61K,2.55%
03/10/21,67.9,67.46,68.42,66.5,361.94K,0.56%
03/09/21,67.52,68.13,69.33,67.12,302.61K,-1.06%
03/08/21,68.24,69.97,71.38,67.8,352.59K,-1.61%
03/05/21,69.36,67.16,69.69,66.67,361.76K,3.93%
03/04/21,66.74,64.1,67.75,63.33,510.68K,4.17%
03/03/21,64.07,62.38,64.7,62.38,341.67K,2.19%
03/02/21,62.7,63.12,64.13,62.38,367.12K,-1.55%
03/01/21,63.69,64.85,65.93,63.17,291.91K,-3.69%
02/26/21,66.13,66.89,66.9,65.72,16.10K,-1.12%
02/25/21,66.88,67.2,67.7,66.48,109.65K,-0.24%
02/24/21,67.04,65.06,67.31,64.8,129.71K,2.55%
02/23/21,65.37,65.51,66.79,64.47,231.18K,0.20%
02/22/21,65.24,62.68,65.85,62.55,213.75K,3.70%
02/19/21,62.91,63.3,63.94,62.09,305.83K,-1.60%
02/18/21,63.93,65.02,65.52,63.22,420.56K,-0.64%
02/17/21,64.34,63.15,64.96,62.73,391.26K,1.56%
02/16/21,63.35,63.47,63.7,62.69,284.67K,0.08%
02/15/21,63.3,62.83,63.76,62.82,220.38K,1.39%
02/12/21,62.43,60.82,62.83,60.35,307.72K,2.11%
02/11/21,61.14,61.01,61.5,60.72,209.69K,-0.54%
02/10/21,61.47,61.21,61.69,60.87,287.71K,0.62%
02/09/21,61.09,60.8,61.34,60.05,319.50K,0.88%
02/08/21,60.56,59.43,60.72,59.43,269.31K,2.06%
02/05/21,59.34,59.17,59.79,59.08,229.42K,0.85%
02/04/21,58.84,58.59,59.12,58.04,244.07K,0.65%
02/03/21,58.46,57.85,58.94,57.5,276.86K,1.74%
02/02/21,57.46,56.35,58.05,56.33,337.68K,1.97%
02/01/21,56.35,54.91,56.53,54.6,288.25K,0.84%
01/29/21,55.88,55.52,56.37,55.31,19.94K,0.63%
01/28/21,55.53,55.41,56.59,55.31,122.48K,-0.50%
01/27/21,55.81,56.05,56.49,55.2,132.41K,-0.18%
01/26/21,55.91,55.93,56.34,55.39,163.20K,0.05%
01/25/21,55.88,55.26,56.02,55.07,198.27K,0.85%
01/22/21,55.41,56,56.03,54.48,269.37K,-1.23%
01/21/21,56.1,55.82,56.24,55.49,254.59K,0.04%
01/20/21,56.08,56.07,56.64,55.66,310.89K,0.32%
01/19/21,55.9,55.01,56.08,54.89,261.10K,2.10%
01/18/21,54.75,54.75,55.21,54.49,142.87K,-0.64%
01/15/21,55.1,56.41,56.5,54.64,298.41K,-2.34%
01/14/21,56.42,55.93,56.57,55.24,331.29K,0.64%
01/13/21,56.06,56.83,57.42,55.77,324.30K,-0.92%
01/12/21,56.58,55.66,56.79,55.51,288.14K,1.65%
01/11/21,55.66,56.24,56.39,54.99,295.07K,-0.59%
01/08/21,55.99,54.56,56.36,54.34,336.65K,2.96%
01/07/21,54.38,54.13,54.9,53.94,267.19K,0.15%
01/06/21,54.3,53.52,54.73,53.02,414.41K,1.31%
01/05/21,53.6,50.95,53.9,50.7,455.35K,4.91%
01/04/21,51.09,51.5,53.33,50.56,382.90K,-1.37%
12/31/20,51.8,51.49,51.84,50.9,133.22K,0.90%
12/30/20,51.34,51.32,51.56,51.04,17.63K,0.49%
12/29/20,51.09,51.02,51.63,50.86,91.33K,0.45%
12/28/20,50.86,51.25,52.02,50.53,81.06K,-0.84%
12/24/20,51.29,51.11,51.77,50.62,96.69K,0.18%
12/23/20,51.2,49.7,51.59,49.2,182.63K,2.24%
12/22/20,50.08,50.65,50.86,49.56,194.10K,-1.63%
12/21/20,50.91,52.22,52.32,49.2,288.74K,-2.58%
12/18/20,52.26,51.43,52.48,51.13,246.12K,1.48%
12/17/20,51.5,51.12,51.9,51.08,233.88K,0.82%
12/16/20,51.08,50.64,51.2,50.34,222.74K,0.63%
12/15/20,50.76,50.3,50.89,49.78,190.55K,0.93%
12/14/20,50.29,50.05,50.8,49.13,236.96K,0.64%
12/11/20,49.97,50.45,50.74,49.74,231.87K,-0.56%
12/10/20,50.25,49,51.06,48.86,288.73K,2.84%
12/09/20,48.86,48.84,49.55,48.4,267.79K,0.04%
12/08/20,48.84,48.58,49,48.09,225.24K,0.10%
12/07/20,48.79,49.23,49.43,48.4,207.51K,-0.93%
12/04/20,49.25,48.96,49.92,48.84,253.64K,1.11%
12/03/20,48.71,48,48.94,47.67,274.73K,0.95%
12/02/20,48.25,47.05,48.76,46.82,285.74K,1.75%
12/01/20,47.42,47.79,48.3,46.88,258.69K,-0.36%
11/30/20,47.59,47.91,47.99,46.85,20.68K,-1.22%
11/27/20,48.18,47.81,48.44,47.34,87.75K,0.79%
11/26/20,47.8,48.76,49.09,47.53,88.76K,-1.67%
11/25/20,48.61,47.8,49.06,47.72,231.03K,1.57%
11/24/20,47.86,45.9,48.03,45.89,263.24K,3.91%
11/23/20,46.06,45.08,46.12,44.89,267.25K,2.45%
11/20/20,44.96,44.15,45.24,44.05,264.01K,1.72%
11/19/20,44.2,43.96,44.57,43.79,210.30K,-0.32%
11/18/20,44.34,43.75,44.89,43.48,242.88K,1.35%
11/17/20,43.75,43.89,44.25,43.08,226.35K,-0.16%
11/16/20,43.82,42.71,44.67,42.71,268.43K,2.43%
11/13/20,42.78,43.2,43.34,42.63,216.74K,-1.72%
11/12/20,43.53,43.73,44.5,43.26,266.04K,-0.62%
11/11/20,43.8,43.77,45.3,43.6,346.77K,0.44%
11/10/20,43.61,41.75,44.11,41.71,315.25K,2.85%
11/09/20,42.4,39.65,43.48,39.46,393.05K,7.48%
11/06/20,39.45,40.63,40.69,39.34,255.44K,-3.62%
11/05/20,40.93,40.96,41.53,40.33,219.20K,-0.73%
11/04/20,41.23,40.13,41.33,39.42,250.87K,3.83%
11/03/20,39.71,39.26,40.45,38.65,278.63K,1.90%
11/02/20,38.97,37.37,39.36,35.74,326.07K,4.03%
10/30/20,37.46,37.5,38.1,36.8,20.19K,-0.50%
10/29/20,37.65,39.16,39.45,36.64,112.49K,-3.76%
10/28/20,39.12,40.61,40.7,38.75,163.83K,-5.05%
10/27/20,41.2,40.5,41.47,40.4,207.54K,1.83%
10/26/20,40.46,41.53,41.63,40.22,210.53K,-3.14%
10/23/20,41.77,42.4,42.8,41.5,205.21K,-1.63%
10/22/20,42.46,41.59,42.79,41.46,257.20K,1.75%
10/21/20,41.73,42.91,43.04,41.45,268.88K,-3.31%
10/20/20,43.16,42.45,43.3,42.19,252.05K,1.27%
10/19/20,42.62,42.69,43.23,42.36,209.06K,-0.72%
10/16/20,42.93,43.1,43.21,42.27,197.16K,-0.53%
10/15/20,43.16,43.45,43.48,41.56,295.28K,-0.37%
10/14/20,43.32,42.43,43.45,42.13,279.12K,2.05%
10/13/20,42.45,41.81,42.68,41.66,227.85K,1.75%
10/12/20,41.72,42.6,42.71,41.36,238.87K,-2.64%
10/09/20,42.85,43.36,43.57,42.61,254.62K,-1.13%
10/08/20,43.34,42.15,43.47,41.86,266.26K,3.22%
10/07/20,41.99,41.85,42.42,41.36,241.20K,-1.55%
10/06/20,42.65,41.41,42.84,41.22,291.68K,3.29%
10/05/20,41.29,39.19,41.78,39.14,273.76K,5.14%
10/02/20,39.27,40.65,40.77,38.79,337.41K,-4.06%
10/01/20,40.93,42.17,42.56,39.92,338.72K,-0.05%
09/30/20,40.95,40.66,40.98,40.3,19.38K,-0.19%
09/29/20,41.03,42.47,42.52,40.43,91.60K,-3.30%
09/28/20,42.43,41.87,42.62,41.48,91.82K,1.22%
09/25/20,41.92,41.85,42.33,41.52,129.40K,-0.05%
09/24/20,41.94,41.36,42.02,41.27,162.93K,0.41%
09/23/20,41.77,41.67,42.62,41.21,183.88K,0.12%
09/22/20,41.72,41.79,42.2,41.21,210.74K,0.68%
09/21/20,41.44,43.01,43.3,40.96,217.36K,-3.96%
09/18/20,43.15,43.22,43.8,42.53,204.66K,-0.35%
09/17/20,43.3,42.32,43.5,41.5,237.40K,2.56%
09/16/20,42.22,40.72,42.44,40.59,237.25K,4.17%
09/15/20,40.53,39.7,40.82,39.39,214.80K,2.32%
09/14/20,39.61,39.78,40.09,39.3,200.09K,-0.55%
09/11/20,39.83,39.96,40.34,39.38,211.88K,-0.57%
09/10/20,40.06,40.58,40.96,39.71,208.86K,-1.79%
09/09/20,40.79,39.65,41.2,39.37,278.22K,2.54%
09/08/20,39.78,42.08,42.23,39.31,363.53K,-5.31%
09/07/20,42.01,42.2,42.43,41.51,122.98K,-1.52%
09/04/20,42.66,43.76,44.54,42.3,270.96K,-3.20%
09/03/20,44.07,44.65,44.65,43.15,274.93K,-0.81%
09/02/20,44.43,45.83,46.05,44.2,260.14K,-2.52%
09/01/20,45.58,45.6,46.22,45.47,206.72K,0.66%
08/31/20,45.28,45.8,46.53,45.21,174.31K,0.51%
08/28/20,45.05,45.1,45.3,44.8,21.14K,-0.09%
08/27/20,45.09,45.7,45.87,44.56,102.26K,-1.21%
08/26/20,45.64,45.97,46.1,45.54,132.51K,-0.48%
08/25/20,45.86,45.12,46.07,45.08,178.31K,1.62%
08/24/20,45.13,44.5,45.18,44.29,176.64K,1.76%
08/21/20,44.35,45.03,45.08,43.59,221.99K,-1.22%
08/20/20,44.9,45.14,45.18,44.02,249.74K,-1.04%
08/19/20,45.37,45.17,45.48,44.81,174.88K,-0.20%
08/18/20,45.46,45.27,45.55,44.76,181.69K,0.20%
08/17/20,45.37,44.86,45.41,44.53,164.23K,1.27%
08/14/20,44.8,45.29,45.29,44.47,151.46K,-0.36%
08/13/20,44.96,45.32,45.58,44.82,148.41K,-1.03%
08/12/20,45.43,44.62,45.63,44.49,166.48K,2.09%
08/11/20,44.5,45.05,45.79,44.39,202.74K,-1.09%
08/10/20,44.99,44.66,45.26,44.37,135.30K,1.33%
08/07/20,44.4,45.15,45.3,44.27,171.72K,-1.53%
08/06/20,45.09,45.32,45.71,44.85,184.52K,-0.18%
08/05/20,45.17,44.28,46.23,44.24,246.98K,1.67%
08/04/20,44.43,43.84,44.82,43.24,227.12K,0.63%
08/03/20,44.15,43.53,44.46,42.89,198.70K,1.96%
07/31/20,43.3,43.29,43.44,43.05,14.42K,0.84%
07/30/20,42.94,43.73,43.8,41.38,63.20K,-1.85%
07/29/20,43.75,43.31,43.95,43.2,64.92K,1.23%
07/28/20,43.22,43.55,43.84,43,107.34K,-0.44%
07/27/20,43.41,43.35,43.77,42.39,174.75K,0.16%
07/24/20,43.34,43.27,43.9,42.79,191.05K,0.07%
07/23/20,43.31,44.1,44.77,43.13,262.24K,-2.21%
07/22/20,44.29,44.03,44.4,43.62,202.16K,-0.07%
07/21/20,44.32,43.17,44.89,43.16,229.78K,2.40%
07/20/20,43.28,43.08,43.45,42.36,179.43K,0.32%
07/17/20,43.14,43.4,43.45,42.64,162.40K,-0.53%
07/16/20,43.37,43.71,43.8,43.14,172.16K,-0.96%
07/15/20,43.79,43.07,43.85,42.7,232.18K,2.07%
07/14/20,42.9,42.24,43.22,41.8,221.12K,0.42%
07/13/20,42.72,43.12,43.34,42.14,200.31K,-1.20%
07/10/20,43.24,42.36,43.42,41.32,214.05K,2.10%
07/09/20,42.35,43.3,43.5,41.94,237.75K,-2.17%
07/08/20,43.29,42.81,43.47,42.75,185.14K,0.49%
07/07/20,43.08,43.13,43.45,42.46,183.23K,-0.05%
07/06/20,43.1,42.79,43.71,42.74,185.02K,0.70%
07/03/20,42.8,42.76,42.99,42.32,96.78K,-0.79%
07/02/20,43.14,41.84,43.23,41.73,196.69K,2.64%
07/01/20,42.03,41.58,42.62,41.03,252.52K,2.14%
06/30/20,41.15,41.33,41.62,40.9,12.60K,-1.34%
06/29/20,41.71,40.56,41.95,40.04,86.78K,1.68%
06/26/20,41.02,41.44,41.81,40.29,120.32K,-0.07%
06/25/20,41.05,40.35,41.64,39.47,166.05K,1.84%
06/24/20,40.31,42.45,42.89,39.63,195.72K,-5.44%
06/23/20,42.63,43.21,43.93,42.21,183.03K,-1.04%
06/22/20,43.08,41.74,43.18,41.58,187.65K,2.11%
06/19/20,42.19,41.72,42.92,41.03,217.49K,1.64%
06/18/20,41.51,40.43,41.64,40.06,175.79K,1.97%
06/17/20,40.71,40.61,41.46,40.03,175.24K,-0.61%
06/16/20,40.96,39.94,41.65,38.95,248.58K,3.12%
06/15/20,39.72,38.8,39.9,37.24,215.42K,2.56%
06/12/20,38.73,37.88,39.45,37.01,237.89K,0.47%
06/11/20,38.55,40.95,41.01,37.82,290.17K,-7.62%
06/10/20,41.73,40.72,41.99,40.14,234.19K,1.34%
06/09/20,41.18,41.1,41.45,39.85,222.36K,0.93%
06/08/20,40.8,42.4,43.41,40.68,227.88K,-3.55%
06/05/20,42.3,39.84,42.48,39.72,250.31K,5.78%
06/04/20,39.99,39.6,40.1,39.04,172.61K,0.50%
06/03/20,39.79,39.75,40.53,38.76,239.43K,0.56%
06/02/20,39.57,38.34,39.75,38.26,205.22K,3.26%
06/01/20,38.32,37.56,38.68,37.18,212.78K,8.46%
05/29/20,35.33,35.15,35.37,34.06,14.71K,0.11%
05/28/20,35.29,33.92,35.95,33.62,70.99K,1.58%
05/27/20,34.74,35.93,36.16,33.98,112.25K,-3.95%
05/26/20,36.17,35.66,36.68,35.26,129.98K,1.80%
05/25/20,35.53,34.98,35.97,34.46,28.96K,1.14%
05/22/20,35.13,36.18,36.23,33.54,174.59K,-2.58%
05/21/20,36.06,35.82,36.98,35.75,178.55K,0.87%
05/20/20,35.75,34.45,36.46,34.38,191.27K,3.17%
05/19/20,34.65,35.66,35.76,34.2,188.93K,-0.46%
05/18/20,34.81,32.78,35.72,32.69,232.25K,7.11%
05/15/20,32.5,31.52,32.91,30.94,211.28K,4.40%
05/14/20,31.13,29.52,31.55,28.88,222.21K,6.65%
05/13/20,29.19,29.35,30.55,28.86,221.11K,-2.64%
05/12/20,29.98,30.07,30.7,29.35,202.47K,1.18%
05/11/20,29.63,30.7,31.47,29.35,242.21K,-4.33%
05/08/20,30.97,29.6,31.14,29.43,147.30K,5.13%
05/07/20,29.46,29.64,31.84,29.08,259.89K,-0.87%
05/06/20,29.72,32.27,32.27,28.66,268.46K,-4.04%
05/05/20,30.97,28.1,32.06,27.77,267.14K,13.86%
05/04/20,27.2,26.1,28.08,25.5,215.73K,2.87%
05/01/20,26.44,26.95,27.88,25.76,216.98K,4.63%
04/30/20,25.27,22.87,25.76,22.87,9.69K,12.11%
04/29/20,22.54,20.66,23.88,20.53,86.55K,10.17%
04/28/20,20.46,19.9,21.29,18.73,123.22K,2.35%
04/27/20,19.99,21.55,21.91,19.11,162.39K,-6.76%
04/24/20,21.44,21.93,22.7,20.5,187.00K,0.52%
04/23/20,21.33,20.89,23.22,20.07,256.30K,4.71%
04/22/20,20.37,20.23,22.45,15.98,344.76K,5.38%
04/21/20,19.33,26.33,26.5,17.51,637.21K,-24.40%
04/20/20,25.57,28.05,28.25,25.37,361.83K,-8.94%
04/17/20,28.08,28.66,28.93,27.58,286.17K,0.93%
04/16/20,27.82,28.05,29,27.2,272.98K,0.47%
04/15/20,27.69,30.26,30.33,27.16,284.34K,-6.45%
04/14/20,29.6,32.25,32.32,29.38,297.55K,-6.74%
04/13/20,31.74,33.99,33.99,30.63,223.29K,0.83%
04/09/20,31.48,33.82,36.4,31.18,493.00K,-4.14%
04/08/20,32.84,32.63,33.87,31.54,320.61K,3.04%
04/07/20,31.87,33.66,34.18,31.74,303.42K,-3.57%
04/06/20,33.05,31.76,34.24,30.03,296.07K,-3.11%
04/03/20,34.11,29.89,35,28.25,541.28K,13.93%
04/02/20,29.94,25.61,36.29,25.45,612.27K,21.02%
04/01/20,24.74,25.99,26.28,24.52,347.29K,8.80%
03/31/20,22.74,23,23.87,22.59,14.77K,-0.09%
03/30/20,22.76,23.85,24.44,21.65,62.08K,-8.70%
03/27/20,24.93,26.68,27,24.13,112.74K,-5.35%
03/26/20,26.34,27.35,27.75,26.03,139.18K,-3.83%
03/25/20,27.39,27.8,28.29,25.68,154.94K,0.88%
03/24/20,27.15,27.72,28.65,26.69,198.91K,0.44%
03/23/20,27.03,26.75,27.54,24.68,257.59K,0.19%
03/20/20,26.98,28.1,30.94,26.81,313.84K,-5.23%
03/19/20,28.47,27.19,29.42,24.96,335.72K,14.43%
03/18/20,24.88,28.4,29.21,24.52,348.40K,-13.40%
03/17/20,28.73,30.14,31.25,28.5,270.24K,-4.39%
03/16/20,30.05,35.82,35.84,29.45,330.12K,-11.23%
03/13/20,33.85,32.85,36.15,32.5,360.63K,1.90%
03/12/20,33.22,35.99,36.46,32.5,472.74K,-7.18%
03/11/20,35.79,37.27,39.7,35.35,471.77K,-3.84%
03/10/20,37.22,35.84,38.22,35,551.29K,8.32%
03/09/20,34.36,38.28,38.34,31.02,779.72K,-24.10%
03/06/20,45.27,50.25,50.45,45.18,636.39K,-9.44%
03/05/20,49.99,51.66,52.04,49.7,361.04K,-2.23%
03/04/20,51.13,52.11,53.03,51.04,363.50K,-1.41%
03/03/20,51.86,53.47,53.9,51.22,407.55K,-0.08%
03/02/20,51.9,48.95,53.2,48.4,417.56K,2.73%
02/28/20,50.52,51.42,51.52,50.05,20.36K,-3.18%
02/27/20,52.18,53.18,53.25,50.97,112.16K,-2.34%
02/26/20,53.43,55.13,55.45,53.03,171.50K,-2.77%
02/25/20,54.95,56.46,56.98,54.62,210.28K,-2.40%
02/24/20,56.3,57.85,57.86,55.13,236.33K,-3.76%
02/21/20,58.5,59,59.25,57.73,236.49K,-1.37%
02/20/20,59.31,59.31,60,58.9,268.65K,0.32%
02/19/20,59.12,57.6,59.4,57.51,262.15K,2.37%
02/18/20,57.75,57.35,57.83,56.3,249.20K,0.14%
02/17/20,57.67,57.29,57.7,56.83,115.34K,0.61%
02/14/20,57.32,56.41,57.53,56.15,258.14K,1.74%
02/13/20,56.34,55.75,56.83,54.96,325.51K,0.99%
02/12/20,55.79,54.41,56.36,54.39,305.45K,3.30%
02/11/20,54.01,53.62,54.69,53.6,272.81K,1.39%
02/10/20,53.27,54.2,54.71,53.11,280.18K,-2.20%
02/07/20,54.47,55.14,55.4,54.21,270.80K,-0.84%
02/06/20,54.93,55.56,56.58,54.25,379.87K,-0.63%
02/05/20,55.28,54.05,56.46,54.05,412.27K,2.45%
02/04/20,53.96,54.33,55.65,53.69,409.86K,-0.90%
02/03/20,54.45,56.16,56.77,54.08,477.22K,-6.38%
01/31/20,58.16,59.3,59.45,57.94,19.60K,-0.22%
01/30/20,58.29,59.6,59.65,57.71,104.27K,-2.54%
01/29/20,59.81,59.86,60.62,59.26,142.68K,0.50%
01/28/20,59.51,59.03,60.12,58.5,248.95K,0.32%
01/27/20,59.32,60.23,60.49,58.5,259.77K,-2.26%
01/24/20,60.69,62.01,62.46,60.25,257.95K,-2.18%
01/23/20,62.04,62.68,62.69,61.25,361.91K,-1.85%
01/22/20,63.21,64.57,64.58,62.62,273.30K,-2.14%
01/21/20,64.59,65.26,65.35,64.06,248.56K,-0.94%
01/20/20,65.2,65.98,66,64.92,154.79K,0.54%
01/17/20,64.85,64.69,65.6,64.48,238.64K,0.36%
01/16/20,64.62,64.26,64.97,63.9,220.17K,0.97%
01/15/20,64,64.44,64.6,63.55,229.53K,-0.76%
01/14/20,64.49,64.29,65.05,63.92,270.50K,0.45%
01/13/20,64.2,65.13,65.27,63.92,262.47K,-1.20%
01/10/20,64.98,65.29,65.66,64.86,272.17K,-0.60%
01/09/20,65.37,66,66.1,64.56,364.45K,-0.11%
01/08/20,65.44,71.22,71.75,64.94,560.89K,-4.15%
01/07/20,68.27,68.63,68.75,67.65,284.92K,-0.93%
01/06/20,68.91,69.35,70.74,68.21,341.14K,0.45%
01/03/20,68.6,66.28,69.5,66.22,479.70K,3.55%
01/02/20,66.25,66.41,66.58,65.72,205.69K,0.38%
12/31/19,66,66.65,66.93,65.63,171.01K,-3.57%
12/30/19,68.44,68.2,68.99,68.16,29.42K,0.41%
12/27/19,68.16,67.91,68.33,67.57,112.22K,0.35%
12/26/19,67.92,67.27,67.99,67.22,69.82K,1.07%
12/24/19,67.2,66.44,67.26,66.36,106.43K,1.22%
12/23/19,66.39,66.15,66.62,65.81,131.42K,0.38%
12/20/19,66.14,66.56,66.72,65.7,217.98K,-0.60%
12/19/19,66.54,66.19,66.78,66.03,249.54K,0.56%
12/18/19,66.17,65.84,66.43,65.56,262.34K,0.11%
12/17/19,66.1,65.31,66.24,65.12,245.83K,1.16%
12/16/19,65.34,65.05,65.66,64.88,186.09K,0.18%
12/13/19,65.22,64.56,65.79,64.5,232.75K,1.59%
12/12/19,64.2,63.9,64.85,63.87,238.31K,0.75%
12/11/19,63.72,64,64.26,63.01,250.14K,-0.96%
12/10/19,64.34,64.03,64.69,63.78,235.19K,0.14%
12/09/19,64.25,64.29,64.5,63.61,239.77K,-0.22%
12/06/19,64.39,63.41,64.88,62.83,314.60K,1.58%
12/05/19,63.39,62.97,63.91,62.75,294.84K,0.62%
12/04/19,63,61.08,63.51,61,319.04K,3.58%
12/03/19,60.82,61.05,61.58,60.3,248.55K,-0.16%
12/02/19,60.92,60.73,62.09,60.72,297.87K,-2.42%
11/29/19,62.43,63.77,63.86,62.36,19.65K,-2.25%
11/28/19,63.87,63.91,64,63.19,96.08K,-0.30%
11/27/19,64.06,64.02,64.6,63.51,125.47K,-0.33%
11/26/19,64.27,63.7,64.32,63.44,181.10K,0.97%
11/25/19,63.65,63.6,63.8,62.97,212.05K,0.41%
11/22/19,63.39,63.62,64.27,62.98,228.74K,-0.91%
11/21/19,63.97,62.22,64.03,61.92,318.49K,2.52%
11/20/19,62.4,60.94,62.8,60.3,343.31K,2.45%
11/19/19,60.91,62.28,62.57,60.7,296.80K,-2.45%
11/18/19,62.44,63.36,63.57,61.94,228.25K,-1.36%
11/15/19,63.3,62.47,63.65,61.7,255.68K,1.64%
11/14/19,62.28,62.61,63.21,62.15,234.78K,-0.14%
11/13/19,62.37,61.85,62.74,61.22,273.03K,0.50%
11/12/19,62.06,62.11,62.85,61.82,238.17K,-0.19%
11/11/19,62.18,62.6,62.76,61.57,213.34K,-0.53%
11/08/19,62.51,62.29,62.7,60.66,287.67K,0.35%
11/07/19,62.29,61.73,62.89,61.65,261.07K,0.89%
11/06/19,61.74,62.78,63.32,61.59,275.94K,-1.94%
11/05/19,62.96,62.04,63.19,61.85,231.67K,1.34%
11/04/19,62.13,61.8,62.78,61.28,235.38K,0.71%
11/01/19,61.69,59.45,61.82,59.4,236.09K,2.42%
10/31/19,60.23,60.57,61.13,60.07,13.90K,-0.63%
10/30/19,60.61,61.6,61.93,60.45,105.87K,-1.59%
10/29/19,61.59,61.61,61.98,60.66,136.93K,0.03%
10/28/19,61.57,62.04,62.34,61.19,167.86K,-0.73%
10/25/19,62.02,61.5,62.11,60.93,204.45K,0.57%
10/24/19,61.67,60.99,61.9,60.64,215.54K,0.82%
10/23/19,61.17,59.48,61.3,58.85,313.23K,2.46%
10/22/19,59.7,59.05,60.26,58.75,260.60K,1.26%
10/21/19,58.96,59.23,59.55,58.26,212.57K,-0.77%
10/18/19,59.42,59.78,60.29,59.01,228.14K,-0.82%
10/17/19,59.91,58.99,60.04,58.69,269.84K,0.82%
10/16/19,59.42,58.9,59.75,58.36,257.88K,1.16%
10/15/19,58.74,59.3,59.68,58,305.68K,-1.03%
10/14/19,59.35,60.69,60.73,58.5,283.07K,-1.92%
10/11/19,60.51,59.53,60.69,59.21,367.63K,2.39%
10/10/19,59.1,58.04,59.6,57.8,262.53K,1.34%
10/09/19,58.32,58.02,59.35,57.91,266.48K,0.14%
10/08/19,58.24,58.47,58.92,57.38,274.74K,-0.19%
10/07/19,58.35,58.02,59.68,58.02,228.41K,-0.03%
10/04/19,58.37,57.69,58.96,57.67,299.92K,1.14%
10/03/19,57.71,57.54,57.99,56.15,336.90K,0.03%
10/02/19,57.69,59.25,59.5,57.22,307.91K,-2.04%
10/01/19,58.89,59.38,60.1,58.41,291.67K,-3.11%
09/30/19,60.78,62.24,62.24,60.73,22.01K,-1.83%
09/27/19,61.91,62.48,62.75,60.76,97.33K,-1.32%
09/26/19,62.74,62.58,62.92,61.45,115.57K,0.56%
09/25/19,62.39,62.44,62.81,61.23,201.47K,-1.13%
09/24/19,63.1,64.4,64.6,62.3,216.28K,-2.58%
09/23/19,64.77,65.23,65.5,63.53,204.78K,0.76%
09/20/19,64.28,65,65.28,64.05,224.88K,-0.19%
09/19/19,64.4,63.51,65.57,63.46,258.85K,1.26%
09/18/19,63.6,64.23,64.99,63.04,295.05K,-1.47%
09/17/19,64.55,68.15,69.26,63.55,620.49K,-6.48%
09/16/19,69.02,66.45,71.95,64.75,735.54K,14.61%
09/13/19,60.22,60.45,60.81,59.6,195.83K,-0.26%
09/12/19,60.38,61.16,61.39,58.92,358.09K,-0.71%
09/11/19,60.81,62.88,63.27,60.52,315.12K,-2.52%
09/10/19,62.38,62.82,63.78,62.17,267.55K,-0.34%
09/09/19,62.59,61.6,63,61.57,249.71K,1.71%
09/06/19,61.54,60.81,61.88,59.4,287.36K,0.97%
09/05/19,60.95,60.49,62.4,60.25,292.06K,0.41%
09/04/19,60.7,58.17,60.96,58.13,283.10K,4.19%
09/03/19,58.26,58.54,58.87,57.23,265.12K,-0.68%
09/02/19,58.66,58.8,59.26,58.1,121.64K,-2.93%
08/30/19,60.43,60.98,61.17,60.25,25.14K,-1.06%
08/29/19,61.08,60.48,61.19,59.98,131.09K,0.98%
08/28/19,60.49,60.04,61,59.8,134.26K,1.65%
08/27/19,59.51,58.8,60.17,58.51,218.37K,1.38%
08/26/19,58.7,58.35,60.17,58.24,183.30K,-1.08%
08/23/19,59.34,60.11,60.29,58.3,321.24K,-0.97%
08/22/19,59.92,60.43,60.89,59.47,276.11K,-0.63%
08/21/19,60.3,60.11,61.41,60.07,269.68K,0.45%
08/20/19,60.03,59.68,60.32,58.95,245.25K,0.49%
08/19/19,59.74,58.72,59.92,58.64,211.45K,1.88%
08/16/19,58.64,58.41,59.5,58.28,209.43K,0.70%
08/15/19,58.23,59.07,59.42,57.67,298.67K,-2.10%
08/14/19,59.48,61.07,61.08,58.21,320.43K,-2.97%
08/13/19,61.3,58.47,61.5,58,338.08K,4.66%
08/12/19,58.57,58.3,58.88,57.88,221.35K,0.07%
08/09/19,58.53,57.74,59.1,57.11,281.80K,2.00%
08/08/19,57.38,57.48,58.01,56.77,299.69K,2.05%
08/07/19,56.23,58.68,59.23,55.88,485.19K,-4.60%
08/06/19,58.94,59.56,60.56,58.55,328.15K,-1.45%
08/05/19,59.81,61.46,61.56,59.66,378.86K,-3.36%
08/02/19,61.89,61.16,62.95,60.98,364.14K,2.30%
08/01/19,60.5,64.09,64.54,60.02,433.72K,-7.17%
07/31/19,65.17,64.95,65.42,64.95,18.76K,0.70%
07/30/19,64.72,63.91,65.14,63.9,86.10K,1.59%
07/29/19,63.71,63.32,63.9,62.92,101.70K,0.39%
07/26/19,63.46,63.28,63.96,63.01,159.86K,0.11%
07/25/19,63.39,63.21,64.23,63.01,169.84K,0.33%
07/24/19,63.18,64.13,64.66,62.59,301.51K,-1.02%
07/23/19,63.83,63.26,64.46,62.66,272.73K,0.90%
07/22/19,63.26,63.05,64.03,62.77,267.78K,1.26%
07/19/19,62.47,62.5,63.37,61.83,298.98K,0.87%
07/18/19,61.93,63.52,64.46,61.29,374.89K,-2.72%
07/17/19,63.66,64.44,65.28,63.22,274.93K,-1.07%
07/16/19,64.35,66.31,67.09,63.82,356.74K,-3.20%
07/15/19,66.48,66.87,67.47,66.11,283.09K,-0.36%
07/12/19,66.72,66.83,67.29,66.51,244.70K,0.30%
07/11/19,66.52,66.81,67.65,66.43,283.02K,-0.73%
07/10/19,67.01,64.78,67.12,64.63,349.51K,4.44%
07/09/19,64.16,63.81,64.75,63.76,263.89K,0.08%
07/08/19,64.11,64.34,65.14,63.79,253.82K,-0.19%
07/05/19,64.23,63.27,64.52,62.91,203.54K,1.47%
07/04/19,63.3,63.88,64.07,62.95,114.98K,-0.81%
07/03/19,63.82,62.9,64.01,62.09,281.75K,2.28%
07/02/19,62.4,64.8,65.51,62.22,386.94K,-4.09%
07/01/19,65.06,65.05,66.75,64.22,361.41K,-2.24%
06/28/19,66.55,66.51,66.84,66.08,34.62K,0.00%
06/27/19,66.55,66.05,66.82,65.63,103.16K,0.09%
06/26/19,66.49,65.8,66.85,65.6,141.95K,2.21%
06/25/19,65.05,64.89,65.98,64.17,205.80K,0.29%
06/24/19,64.86,65.5,65.79,64.08,217.44K,-0.52%
06/21/19,65.2,64.86,65.76,64,257.92K,1.16%
06/20/19,64.45,62.45,64.82,62.4,394.17K,4.25%
06/19/19,61.82,62.4,62.55,61.4,320.06K,-0.51%
06/18/19,62.14,60.93,62.84,60.25,327.70K,1.97%
06/17/19,60.94,62.07,62.37,60.74,236.16K,-1.73%
06/14/19,62.01,61.25,62.57,60.74,262.31K,1.14%
06/13/19,61.31,59.94,62.64,59.78,435.42K,2.23%
06/12/19,59.97,61.79,61.85,59.57,343.21K,-3.72%
06/11/19,62.29,62.3,62.87,62.01,302.74K,0.00%
06/10/19,62.29,63.58,64.1,62.05,278.49K,-1.58%
06/07/19,63.29,62.4,63.59,61.77,307.96K,2.63%
06/06/19,61.67,60.4,62.43,60.22,343.64K,1.72%
06/05/19,60.63,61.58,62.27,59.45,428.01K,-2.16%
06/04/19,61.97,61,62.12,60.21,370.27K,1.13%
06/03/19,61.28,61.64,62.84,60.55,386.56K,-4.98%
05/31/19,64.49,66.24,66.28,64.37,21.75K,-3.56%
05/30/19,66.87,69.68,69.96,66.31,105.27K,-3.71%
05/29/19,69.45,70.1,70.1,68.08,148.48K,-0.94%
05/28/19,70.11,69.99,70.59,69.58,238.88K,0.00%
05/27/19,70.11,69.15,70.23,68.53,72.18K,2.07%
05/24/19,68.69,67.99,69.3,67.33,292.09K,1.37%
05/23/19,67.76,70.86,70.97,67.02,434.54K,-4.55%
05/22/19,70.99,71.91,72.04,70.42,371.52K,-1.65%
05/21/19,72.18,72.15,72.52,71.63,303.74K,0.29%
05/20/19,71.97,72.5,73.4,71.6,301.98K,-0.33%
05/17/19,72.21,72.82,73.23,71.79,255.53K,-0.56%
05/16/19,72.62,72.05,73.36,71.82,326.44K,1.18%
05/15/19,71.77,70.9,72.25,70.42,272.44K,0.74%
05/14/19,71.24,70.02,71.65,69.93,299.77K,1.44%
05/13/19,70.23,70.83,72.58,69.72,373.47K,-0.55%
05/10/19,70.62,70.45,71.23,70.18,300.46K,0.33%
05/09/19,70.39,70.23,70.65,69.4,328.74K,0.03%
05/08/19,70.37,69.88,70.7,69.33,295.44K,0.70%
05/07/19,69.88,71.15,71.33,69.38,332.07K,-1.91%
05/06/19,71.24,70.59,71.79,68.79,227.02K,0.55%
05/03/19,70.85,70.48,71.54,69.95,249.81K,0.14%
05/02/19,70.75,72,72.22,69.68,346.63K,-1.98%
05/01/19,72.18,71.73,72.36,71.3,230.80K,-0.85%
04/30/19,72.8,71.94,73.27,71.73,25.34K,1.05%
04/29/19,72.04,71.56,72.5,71.06,147.41K,-0.15%
04/26/19,72.15,74.2,74.42,71.3,222.89K,-2.96%
04/25/19,74.35,74.46,75.6,74,309.21K,-0.30%
04/24/19,74.57,74.27,74.73,74.02,276.67K,0.08%
04/23/19,74.51,74.38,74.73,73.99,308.99K,0.63%
04/22/19,74.04,71.93,74.52,71.86,305.17K,2.88%
04/18/19,71.97,71.63,72.04,71.2,259.04K,0.49%
04/17/19,71.62,71.83,72.27,71.45,276.61K,-0.14%
04/16/19,71.72,71.21,71.95,70.74,273.90K,0.76%
04/15/19,71.18,71.55,71.6,70.78,219.15K,-0.52%
04/12/19,71.55,70.95,71.87,70.9,237.22K,1.02%
04/11/19,70.83,71.56,71.68,70.57,278.09K,-1.25%
04/10/19,71.73,70.82,71.78,70.57,288.89K,1.59%
04/09/19,70.61,71.19,71.34,70.3,267.49K,-0.69%
04/08/19,71.1,70.56,71.19,70.43,288.13K,1.08%
04/05/19,70.34,69.13,70.48,68.92,263.87K,1.35%
04/04/19,69.4,69.44,70.03,68.87,281.88K,0.13%
04/03/19,69.31,69.47,69.96,68.8,341.50K,-0.09%
04/02/19,69.37,69.22,69.58,68.69,299.30K,0.52%
04/01/19,69.01,67.58,69.22,67.58,320.77K,0.91%
03/29/19,68.39,68.01,68.89,67.81,20.62K,0.84%
03/28/19,67.82,67.75,68,66.54,131.64K,-0.01%
03/27/19,67.83,67.9,68.35,67.19,148.15K,-0.21%
03/26/19,67.97,67.36,68.23,67.24,197.54K,1.13%
03/25/19,67.21,67,67.65,66.36,216.76K,0.27%
03/22/19,67.03,67.76,67.98,66.2,284.52K,-1.22%
03/21/19,67.86,68.38,68.69,67.59,303.23K,-0.93%
03/20/19,68.5,67.66,68.57,67.19,235.49K,1.32%
03/19/19,67.61,67.49,68.2,67.13,234.14K,0.10%
03/18/19,67.54,67.14,67.69,66.69,208.53K,0.57%
03/15/19,67.16,67.18,67.71,66.13,254.32K,-0.10%
03/14/19,67.23,67.65,68.14,67.03,235.99K,-0.47%
03/13/19,67.55,66.91,67.76,66.7,243.20K,1.32%
03/12/19,66.67,66.7,67.39,66.34,252.13K,0.14%
03/11/19,66.58,65.76,66.75,65.63,247.81K,1.28%
03/08/19,65.74,66.08,66.09,64.02,316.39K,-0.84%
03/07/19,66.3,65.88,67,65.75,276.24K,0.47%
03/06/19,65.99,65.49,66.18,65.22,283.20K,0.20%
03/05/19,65.86,65.46,66.23,65.04,216.39K,0.29%
03/04/19,65.67,64.97,66.34,64.93,233.54K,0.92%
03/01/19,65.07,66.48,67.14,64.59,297.19K,-1.45%
02/28/19,66.03,66.38,66.38,65.67,19.67K,-0.54%
02/27/19,66.39,65.64,66.7,65.27,102.14K,1.81%
02/26/19,65.21,64.79,65.74,64.32,127.60K,0.69%
02/25/19,64.76,66.97,67.47,64.54,220.94K,-3.52%
02/22/19,67.12,66.96,67.73,66.87,177.62K,0.07%
02/21/19,67.07,67.05,67.31,66.69,245.86K,-0.01%
02/20/19,67.08,66.3,67.38,65.63,276.48K,0.95%
02/19/19,66.45,66.44,66.65,65.58,246.65K,-0.08%
02/18/19,66.5,66.39,66.83,65.9,175.24K,0.38%
02/15/19,66.25,64.86,66.39,64.42,294.49K,2.60%
02/14/19,64.57,63.69,64.81,63.25,287.45K,1.51%
02/13/19,63.61,62.7,63.98,62.69,269.68K,1.91%
02/12/19,62.42,61.59,63.34,61.59,278.80K,1.48%
02/11/19,61.51,62.11,62.34,60.9,280.96K,-0.95%
02/08/19,62.1,61.66,62.36,61.04,254.95K,0.76%
02/07/19,61.63,62.5,62.91,60.6,286.17K,-1.69%
02/06/19,62.69,62.06,62.8,61.05,225.57K,1.15%
02/05/19,61.98,62.64,63.02,61.72,215.36K,-0.85%
02/04/19,62.51,62.83,63.63,61.28,297.43K,-0.38%
02/01/19,62.75,61.06,62.97,60.46,267.22K,1.39%
01/31/19,61.89,61.97,62.32,61.57,20.63K,0.39%
01/30/19,61.65,61.26,62.67,61.04,90.93K,0.54%
01/29/19,61.32,59.87,61.79,59.75,142.13K,2.32%
01/28/19,59.93,61.49,61.69,59.49,214.19K,-2.77%
01/25/19,61.64,61.13,61.92,60.7,218.03K,0.90%
01/24/19,61.09,61.02,61.51,60.41,274.48K,-0.08%
01/23/19,61.14,61.37,62.33,60.21,308.46K,-0.59%
01/22/19,61.5,62.59,62.71,60.57,283.22K,-1.98%
01/21/19,62.74,62.74,63.15,62.25,138.08K,0.06%
01/18/19,62.7,61.33,63,61.32,288.91K,2.48%
01/17/19,61.18,61.05,61.54,60.04,278.42K,-0.23%
01/16/19,61.32,60.42,61.45,60.03,315.59K,1.12%
01/15/19,60.64,59.36,60.86,59.11,234.36K,2.80%
01/14/19,58.99,60.62,61.04,58.9,263.28K,-2.46%
01/11/19,60.48,61.19,62.49,60.08,292.79K,-1.95%
01/10/19,61.68,61.15,61.91,60.44,300.92K,0.39%
01/09/19,61.44,59.15,61.69,59.05,329.05K,4.63%
01/08/19,58.72,57.64,58.87,57.13,288.25K,2.42%
01/07/19,57.33,57.41,58.93,57.26,296.58K,0.47%
01/04/19,57.06,55.67,58.31,55.34,321.11K,1.98%
01/03/19,55.95,54.29,56.3,53.93,278.36K,1.89%
01/02/19,54.91,54.12,56.56,52.51,300.95K,2.06%
12/31/18,53.8,53,54.82,52.66,109.11K,3.07%
12/28/18,52.2,53.44,53.8,51.6,17.11K,0.08%
12/27/18,52.16,54.65,54.67,51.94,102.59K,-4.24%
12/26/18,54.47,50.84,55.29,49.93,77.00K,7.93%
12/24/18,50.47,53.49,54.66,50.36,76.22K,-6.22%
12/21/18,53.82,54.97,55.33,52.79,226.34K,-0.98%
12/20/18,54.35,56.49,56.75,54.28,299.45K,-5.05%
12/19/18,57.24,56.51,58.11,56.04,319.37K,1.74%
12/18/18,56.26,59,59.24,55.89,398.56K,-5.62%
12/17/18,59.61,60.25,61.21,58.64,246.03K,-1.11%
12/14/18,60.28,61.53,61.58,59.92,206.56K,-1.90%
12/13/18,61.45,60.29,62.02,59.33,252.40K,2.16%
12/12/18,60.15,60.67,61.43,59.98,246.92K,-0.08%
12/11/18,60.2,59.91,61.1,59.58,235.33K,0.38%
12/10/18,59.97,61.34,62.33,59.61,264.95K,-2.76%
12/07/18,61.67,60.25,63.73,59.1,423.08K,2.68%
12/06/18,60.06,61.36,61.97,58.36,399.99K,-2.44%
12/05/18,61.56,61.35,63.29,60.8,256.24K,-0.84%
12/04/18,62.08,61.9,63.58,61.24,277.42K,0.63%
12/03/18,61.69,59.98,62.6,59.85,294.77K,5.08%
11/30/18,58.71,59.28,59.93,58.25,27.02K,-1.34%
11/29/18,59.51,59.12,60.37,57.5,94.57K,1.28%
11/28/18,58.76,60.63,61.27,58.55,150.81K,-2.41%
11/27/18,60.21,60.39,61.4,58.92,271.17K,-0.45%
11/26/18,60.48,58.98,61.13,58.6,267.38K,2.86%
