Date,VIX_Price,VIX_Open,VIX_High,VIX_Low,VIX_Vol.,VIX_Change %
11/24/23,13,12.8,13.04,12.8,NULL,1.56%
11/23/23,12.8,12.84,12.87,12.75,NULL,-0.39%
11/22/23,12.85,13.08,13.25,12.82,NULL,-3.75%
11/21/23,13.35,13.45,14.31,13.13,NULL,-0.45%
11/20/23,13.41,14.26,14.31,13.39,NULL,-2.83%
11/17/23,13.8,14.18,14.19,13.67,NULL,-3.63%
11/16/23,14.32,14.12,14.42,13.68,NULL,0.99%
11/15/23,14.18,14.21,14.35,13.97,NULL,0.14%
11/14/23,14.16,14.83,14.86,13.91,NULL,-4.07%
11/13/23,14.76,15.16,15.19,14.58,NULL,4.16%
11/10/23,14.17,15.09,15.45,14.16,NULL,-7.33%
11/09/23,15.29,14.61,15.57,14.13,NULL,5.81%
11/08/23,14.45,14.91,15.09,14.3,NULL,-2.43%
11/07/23,14.81,15.1,15.17,14.71,NULL,-0.54%
11/06/23,14.89,15.39,15.58,14.84,NULL,-0.13%
11/03/23,14.91,15.7,15.83,14.91,NULL,-4.79%
11/02/23,15.66,16.59,16.62,15.58,NULL,-7.17%
11/01/23,16.87,18.02,18.42,16.63,NULL,-7.00%
10/31/23,18.14,19.86,19.86,17.97,NULL,-8.15%
10/30/23,19.75,21.13,21.16,19.55,NULL,-7.15%
10/27/23,21.27,20.39,22.07,19.72,NULL,2.85%
10/26/23,20.68,21.78,21.96,20.22,NULL,2.43%
10/25/23,20.19,19.39,21.24,18.86,NULL,6.43%
10/24/23,18.97,20.03,20.24,18.65,NULL,-6.87%
10/23/23,20.37,21.83,23.08,19.48,NULL,-6.17%
10/20/23,21.71,21.59,21.83,20.42,NULL,1.45%
10/19/23,21.4,19.73,21.4,18.55,NULL,11.34%
10/18/23,19.22,18.36,20.15,17.88,NULL,7.49%
10/17/23,17.88,17.41,18.54,16.97,NULL,3.89%
10/16/23,17.21,19.1,19.57,17.14,NULL,-10.92%
10/13/23,19.32,16.53,20.78,16.5,NULL,15.76%
10/12/23,16.69,16.08,18.08,15.44,NULL,3.73%
10/11/23,16.09,16.95,17.78,16.09,NULL,-5.52%
10/10/23,17.03,17.7,17.86,16.51,NULL,-3.79%
10/09/23,17.7,19.54,19.6,17.56,NULL,1.43%
10/06/23,17.45,18.73,19.93,17.19,NULL,-5.62%
10/05/23,18.49,18.67,19.58,18.26,NULL,-0.48%
10/04/23,18.58,20.72,20.88,18.3,NULL,-6.07%
10/03/23,19.78,17.81,20.48,17.52,NULL,12.32%
10/02/23,17.61,17.31,18.55,16.93,NULL,0.51%
09/29/23,17.52,16.87,17.74,15.83,NULL,1.04%
09/28/23,17.34,18.22,18.77,17.06,NULL,-4.83%
09/27/23,18.22,18.29,19.71,18.03,NULL,-3.80%
09/26/23,18.94,18.03,19.5,17.17,NULL,12.07%
09/25/23,16.9,17.25,18.41,16.79,NULL,-1.74%
09/22/23,17.2,17.31,17.41,15.93,NULL,-1.94%
09/21/23,17.54,15.49,17.54,15.1,NULL,15.85%
09/20/23,15.14,14.18,15.15,13.57,NULL,7.30%
09/19/23,14.11,14.11,14.88,13.86,NULL,0.79%
09/18/23,14,14.4,14.75,13.86,NULL,1.52%
09/15/23,13.79,12.7,14.17,12.68,NULL,7.57%
09/14/23,12.82,13.39,13.46,12.79,NULL,-4.90%
09/13/23,13.48,14.42,14.68,13.41,NULL,-5.27%
09/12/23,14.23,14.02,14.42,13.71,NULL,3.12%
09/11/23,13.8,14.17,14.33,13.74,NULL,-0.29%
09/08/23,13.84,14.22,14.87,13.58,NULL,-3.89%
09/07/23,14.4,14.81,15.69,14.4,NULL,-0.35%
09/06/23,14.45,14.27,15.3,14.13,NULL,3.14%
09/05/23,14.01,14.15,14.47,13.7,NULL,1.37%
09/04/23,13.82,13.62,13.82,13.51,NULL,5.58%
09/01/23,13.09,13.56,13.56,13.02,NULL,-3.54%
08/31/23,13.57,13.98,14,13.44,NULL,-2.23%
08/30/23,13.88,14.53,14.7,13.83,NULL,-3.94%
08/29/23,14.45,15.08,15.3,14.34,NULL,-4.18%
08/28/23,15.08,16.24,16.28,15,NULL,-3.83%
08/25/23,15.68,17.21,17.36,15.45,NULL,-8.84%
08/24/23,17.2,15.57,17.32,15.48,NULL,7.63%
08/23/23,15.98,16.64,17.1,15.91,NULL,-5.83%
08/22/23,16.97,16.96,17.58,16.61,NULL,-0.93%
08/21/23,17.13,18.03,18.11,16.88,NULL,-0.98%
08/18/23,17.3,17.8,18.88,17.14,NULL,-3.30%
08/17/23,17.89,16.96,18.13,16.4,NULL,6.62%
08/16/23,16.78,16.54,16.93,15.8,NULL,1.94%
08/15/23,16.46,14.95,16.57,14.91,NULL,11.07%
08/14/23,14.82,15.88,16.06,14.77,NULL,-0.13%
08/11/23,14.84,15.53,16.51,14.84,NULL,-6.37%
08/10/23,15.85,15.58,16.86,14.6,NULL,-0.69%
08/09/23,15.96,15.81,16.87,15.38,NULL,-0.19%
08/08/23,15.99,16.28,18.14,15.96,NULL,1.40%
08/07/23,15.77,16.9,17.36,15.77,NULL,-7.78%
08/04/23,17.1,16.01,17.39,14.57,NULL,7.41%
08/03/23,15.92,16.77,17.42,15.72,NULL,-1.06%
08/02/23,16.09,15.7,16.48,14.95,NULL,15.51%
08/01/23,13.93,13.75,14.3,13.75,NULL,2.20%
07/31/23,13.63,13.98,14.09,13.57,NULL,2.25%
07/28/23,13.33,14.03,14.18,13.27,NULL,-7.49%
07/27/23,14.41,13.14,15.02,12.74,NULL,9.25%
07/26/23,13.19,13.86,14.16,13.15,NULL,-4.83%
07/25/23,13.86,14.02,14.09,13.82,NULL,-0.36%
07/24/23,13.91,14.29,14.3,13.73,NULL,2.28%
07/21/23,13.6,13.87,13.89,13.37,NULL,-2.79%
07/20/23,13.99,13.96,14.23,13.58,NULL,1.67%
07/19/23,13.76,13.32,13.84,13.12,NULL,3.46%
07/18/23,13.3,13.61,13.67,13.29,NULL,-1.34%
07/17/23,13.48,13.78,14,13.43,NULL,1.05%
07/14/23,13.34,13.72,13.76,13.22,NULL,-1.98%
07/13/23,13.61,13.44,13.61,13.12,NULL,0.52%
07/12/23,13.54,14.82,14.82,13.51,NULL,-8.76%
07/11/23,14.84,15.02,15.25,14.63,NULL,-1.53%
07/10/23,15.07,16.08,16.21,15.04,NULL,1.62%
07/07/23,14.83,15.97,16.06,14.33,NULL,-3.95%
07/06/23,15.44,14.85,17.08,14.79,NULL,8.89%
07/05/23,14.18,14.19,14.74,14.05,NULL,3.50%
07/04/23,13.7,13.54,13.71,13.52,NULL,0.96%
07/03/23,13.57,13.85,13.85,13.47,NULL,-0.15%
06/30/23,13.59,13.51,13.59,12.96,NULL,0.37%
06/29/23,13.54,13.64,13.85,13.41,NULL,0.82%
06/28/23,13.43,13.9,13.96,13.36,NULL,-2.26%
06/27/23,13.74,14.11,14.34,13.59,NULL,-3.58%
06/26/23,14.25,14.43,14.71,13.78,NULL,6.03%
06/23/23,13.44,13.24,13.8,12.88,NULL,4.11%
06/22/23,12.91,13.88,13.98,12.73,NULL,-2.20%
06/21/23,13.2,13.88,13.89,13.1,NULL,-4.90%
06/20/23,13.88,14.36,14.67,13.86,NULL,-2.18%
06/19/23,14.19,14.09,14.19,14.01,NULL,4.80%
06/16/23,13.54,14.49,14.54,13.48,NULL,-6.62%
06/15/23,14.5,14.09,14.52,13.79,NULL,4.47%
06/14/23,13.88,14.48,14.73,13.83,NULL,-5.00%
06/13/23,14.61,14.99,15.06,14.47,NULL,-2.66%
06/12/23,15.01,14.44,15.02,14.32,NULL,8.53%
06/09/23,13.83,13.78,14.14,13.5,NULL,1.32%
06/08/23,13.65,14.14,14.21,13.53,NULL,-2.08%
06/07/23,13.94,14.14,14.29,13.77,NULL,-0.14%
06/06/23,13.96,14.91,14.97,13.95,NULL,-5.23%
06/05/23,14.73,15.28,15.29,14.66,NULL,0.89%
06/02/23,14.6,15.65,15.65,14.42,NULL,-6.71%
06/01/23,15.65,17.24,17.59,15.58,NULL,-12.76%
05/31/23,17.94,18.04,18.4,17.12,NULL,2.75%
05/30/23,17.46,17.56,18.34,16.98,NULL,0.00%
05/29/23,17.46,17.53,17.6,17.34,NULL,-2.73%
05/26/23,17.95,19.07,19.56,17.27,NULL,-6.22%
05/25/23,19.14,19.54,19.95,18.7,NULL,-4.44%
05/24/23,20.03,18.8,20.81,18.8,NULL,8.09%
05/23/23,18.53,17.35,19.31,17.3,NULL,7.67%
05/22/23,17.21,17.45,18.13,16.82,NULL,2.38%
05/19/23,16.81,16.13,17.36,15.85,NULL,4.74%
05/18/23,16.05,16.92,17.15,16.05,NULL,-4.86%
05/17/23,16.87,17.96,18.26,16.68,NULL,-6.23%
05/16/23,17.99,17.54,18.3,17.26,NULL,5.08%
05/15/23,17.12,17.44,18.16,17.08,NULL,0.53%
05/12/23,17.03,16.83,17.92,16.38,NULL,0.59%
05/11/23,16.93,16.8,18.19,16.63,NULL,-0.06%
05/10/23,16.94,17.58,18.31,16.36,NULL,-4.35%
05/09/23,17.71,17.29,17.86,17.22,NULL,4.30%
05/08/23,16.98,17.73,17.88,16.83,NULL,-1.22%
05/05/23,17.19,19.5,19.63,16.69,NULL,-14.44%
05/04/23,20.09,19.17,21.33,18.67,NULL,9.54%
05/03/23,18.34,17.82,18.83,17.19,NULL,3.15%
05/02/23,17.78,16.27,19.81,16.26,NULL,10.57%
05/01/23,16.08,16.41,16.62,15.53,NULL,1.90%
04/28/23,15.78,17.21,17.65,15.72,NULL,-7.34%
04/27/23,17.03,18.43,18.43,16.72,NULL,-9.61%
04/26/23,18.84,18.66,19.61,17.87,NULL,0.43%
04/25/23,18.76,17.62,19.86,17.33,NULL,11.07%
04/24/23,16.89,18.22,18.24,16.74,NULL,0.72%
04/21/23,16.77,17.51,17.71,16.58,NULL,-2.33%
04/20/23,17.17,16.85,17.69,16.33,NULL,4.31%
04/19/23,16.46,17.3,17.72,16.17,NULL,-2.20%
04/18/23,16.83,16.94,17.34,16.58,NULL,-0.71%
04/17/23,16.95,17.58,17.79,16.9,NULL,-0.70%
04/14/23,17.07,17.94,18.12,17.07,NULL,-4.10%
04/13/23,17.8,18.83,19.06,17.77,NULL,-6.76%
04/12/23,19.09,19.38,19.98,18.25,NULL,-0.05%
04/11/23,19.1,19.08,19.28,18.56,NULL,0.69%
04/10/23,18.97,19.39,20.05,18.93,NULL,3.10%
04/07/23,18.4,18.4,18.4,18.4,NULL,0.00%
04/06/23,18.4,19.3,19.88,18.35,NULL,-3.56%
04/05/23,19.08,19.42,20.08,19,NULL,0.42%
04/04/23,19,18.79,20.03,18.58,NULL,2.43%
04/03/23,18.55,19.79,19.83,18.54,NULL,-0.80%
03/31/23,18.7,19.21,19.43,18.52,NULL,-1.68%
03/30/23,19.02,19.12,20.08,18.85,NULL,-0.52%
03/29/23,19.12,19.39,19.45,19.09,NULL,-4.26%
03/28/23,19.97,20.53,21.4,19.91,NULL,-3.06%
03/27/23,20.6,22.05,22.93,20.57,NULL,-5.24%
03/24/23,21.74,22.11,25.21,21.6,NULL,-3.85%
03/23/23,22.61,21.54,24.91,20.16,NULL,1.57%
03/22/23,22.26,21.8,22.38,19.94,NULL,4.12%
03/21/23,21.38,24.16,24.16,21.29,NULL,-11.47%
03/20/23,24.15,27.77,28.91,24,NULL,-5.33%
03/17/23,25.51,22.92,26.14,22.58,NULL,10.96%
03/16/23,22.99,26.19,27.49,22.97,NULL,-12.05%
03/15/23,26.14,23.21,29.91,23.19,NULL,10.16%
03/14/23,23.73,26.85,27.24,22.27,NULL,-10.52%
03/13/23,26.52,24.05,30.81,23.85,NULL,6.94%
03/10/23,24.8,23.34,28.97,21.79,NULL,9.69%
03/09/23,22.61,19.33,23.14,18.88,NULL,18.32%
03/08/23,19.11,19.71,20.01,19,NULL,-2.45%
03/07/23,19.59,18.64,19.74,18.51,NULL,5.27%
03/06/23,18.61,19.05,19.19,18.49,NULL,0.65%
03/03/23,18.49,19.76,19.76,18.16,NULL,-5.62%
03/02/23,19.59,21.41,21.42,19.55,NULL,-4.81%
03/01/23,20.58,20.39,21.32,20.22,NULL,-0.58%
02/28/23,20.7,21.3,21.37,20.1,NULL,-1.19%
02/27/23,20.95,21.99,22.02,20.68,NULL,-3.32%
02/24/23,21.67,21.35,22.9,21.32,NULL,2.51%
02/23/23,21.14,21.96,22.43,20.89,NULL,-5.16%
02/22/23,22.29,23.03,23.63,22.02,NULL,-2.54%
02/21/23,22.87,21.8,23.34,21.8,NULL,7.72%
02/20/23,21.23,21.06,21.28,20.96,NULL,6.04%
02/17/23,20.02,20.94,21.3,19.82,NULL,-0.74%
02/16/23,20.17,18.26,20.27,18.23,NULL,10.64%
02/15/23,18.23,19.37,19.41,18.11,NULL,-3.60%
02/14/23,18.91,20.72,20.75,18.48,NULL,-7.03%
02/13/23,20.34,21.66,21.69,20.33,NULL,-0.93%
02/10/23,20.53,20.74,21.94,20.44,NULL,-0.87%
02/09/23,20.71,19.24,21.08,19.02,NULL,5.50%
02/08/23,19.63,18.88,20.12,18.55,NULL,5.20%
02/07/23,18.66,19.54,19.99,18.43,NULL,-3.96%
02/06/23,19.43,19.23,19.81,19.21,NULL,6.00%
02/03/23,18.33,18.57,19.3,17.93,NULL,-2.14%
02/02/23,18.73,17.74,19.25,17.06,NULL,4.81%
02/01/23,17.87,19.62,20.04,17.7,NULL,-7.89%
01/31/23,19.4,20.12,20.7,19.13,NULL,-2.71%
01/30/23,19.94,19.76,20.25,19.54,NULL,7.73%
01/27/23,18.51,18.9,19,17.97,NULL,-1.17%
01/26/23,18.73,19.05,19.48,18.67,NULL,-1.83%
01/25/23,19.08,19.56,20.9,18.99,NULL,-0.63%
01/24/23,19.2,19.89,20.47,18.91,NULL,-3.08%
01/23/23,19.81,20.21,20.33,19.55,NULL,-0.20%
01/20/23,19.85,20.28,20.7,19.41,NULL,-3.27%
01/19/23,20.52,20.43,21.71,20.17,NULL,0.88%
01/18/23,20.34,19.28,20.58,18.71,NULL,5.06%
01/17/23,19.36,19.89,20.22,19.21,NULL,-0.67%
01/16/23,19.49,19.44,19.63,19.41,NULL,6.21%
01/13/23,18.35,19,19.41,18.01,NULL,-2.55%
01/12/23,18.83,21.56,21.8,18.83,NULL,-10.72%
01/11/23,21.09,20.8,21.25,20.62,NULL,2.48%
01/10/23,20.58,22.22,22.46,20.58,NULL,-6.33%
01/09/23,21.97,21.75,21.98,21.27,NULL,3.98%
01/06/23,21.13,22.69,22.9,21,NULL,-5.92%
01/05/23,22.46,22.2,22.92,21.97,NULL,2.04%
01/04/23,22.01,22.93,23.27,21.94,NULL,-3.89%
01/03/23,22.9,23.09,23.76,22.73,NULL,5.68%
12/30/22,21.67,21.83,22.4,21.59,NULL,1.07%
12/29/22,21.44,22.25,22.31,21.36,NULL,-3.16%
12/28/22,22.14,21.47,22.26,20.96,NULL,2.26%
12/27/22,21.65,21.67,22.8,21.59,NULL,3.74%
12/26/22,20.87,20.87,20.87,20.87,NULL,0.00%
12/23/22,20.87,22.17,22.64,20.78,NULL,-5.01%
12/22/22,21.97,20.08,24.3,20.01,NULL,9.47%
12/21/22,20.07,21.25,21.29,19.94,NULL,-6.56%
12/20/22,21.48,23.17,23.39,21.35,NULL,-4.19%
12/19/22,22.42,22.63,22.86,21.61,NULL,-0.88%
12/16/22,22.62,23.26,23.83,22.09,NULL,-0.92%
12/15/22,22.83,21.52,23.67,21.25,NULL,7.99%
12/14/22,21.14,22.83,23.47,21.07,NULL,-6.25%
12/13/22,22.55,25.24,25.84,21.46,NULL,-9.80%
12/12/22,25,24.4,25.05,24.18,NULL,9.51%
12/09/22,22.83,22.55,23.21,22.18,NULL,2.42%
12/08/22,22.29,22.81,23.28,22.06,NULL,-1.72%
12/07/22,22.68,22.32,23.01,22.18,NULL,2.30%
12/06/22,22.17,20.69,22.6,20.38,NULL,6.84%
12/05/22,20.75,20.3,21.29,19.78,NULL,8.87%
12/02/22,19.06,20.42,20.96,18.95,NULL,-3.93%
12/01/22,19.84,20.83,21.06,19.8,NULL,-3.60%
11/30/22,20.58,21.7,22.63,20.31,NULL,-5.98%
11/29/22,21.89,22.09,22.57,21.83,NULL,-1.44%
11/28/22,22.21,22.09,22.5,21.65,NULL,8.34%
11/25/22,20.5,20.61,21.11,20.46,NULL,0.39%
11/24/22,20.42,20.5,20.54,20.31,NULL,0.34%
11/23/22,20.35,21.49,21.78,20.32,NULL,-4.42%
11/22/22,21.29,22.59,22.71,21.28,NULL,-4.79%
11/21/22,22.36,24.05,24.12,22.3,NULL,-3.29%
11/18/22,23.12,24.03,24.12,22.98,NULL,-3.38%
11/17/22,23.93,24.05,25.18,23.81,NULL,-0.75%
11/16/22,24.11,24.29,24.72,23.99,NULL,-1.75%
11/15/22,24.54,23.77,26.22,23.18,NULL,3.41%
11/14/22,23.73,23.99,24.33,22.86,NULL,5.37%
11/11/22,22.52,23.89,23.91,22.37,NULL,-4.29%
11/10/22,23.53,26.51,26.59,22.84,NULL,-9.81%
11/09/22,26.09,25.34,26.35,25.02,NULL,2.15%
11/08/22,25.54,24.71,26.16,24.24,NULL,4.89%
11/07/22,24.35,25.67,25.67,24.34,NULL,-0.81%
11/04/22,24.55,25.63,25.71,24,NULL,-2.96%
11/03/22,25.3,25.98,26.87,25.1,NULL,-2.17%
11/02/22,25.86,26.04,26.62,25.39,NULL,0.19%
11/01/22,25.81,25.96,26.35,25.66,NULL,-0.27%
10/31/22,25.88,26.91,27.07,25.84,NULL,0.50%
10/28/22,25.75,27.43,27.59,25.75,NULL,-5.99%
10/27/22,27.39,27.51,27.67,26.94,NULL,0.40%
10/26/22,27.28,28.44,28.52,27.27,NULL,-4.15%
10/25/22,28.46,29.8,30,28.22,NULL,-4.66%
10/24/22,29.85,30.65,30.95,29.78,NULL,0.54%
10/21/22,29.69,30.21,30.44,29.24,NULL,-0.97%
10/20/22,29.98,31.3,31.32,29.76,NULL,-2.54%
10/19/22,30.76,30.94,31.9,30.76,NULL,0.85%
10/18/22,30.5,31.1,31.93,30.42,NULL,-2.77%
10/17/22,31.37,32.27,32.59,30.7,NULL,-2.03%
10/14/22,32.02,31.89,32.98,31.14,NULL,0.25%
10/13/22,31.94,33.6,33.87,31.63,NULL,-4.86%
10/12/22,33.57,33.54,34.53,33.11,NULL,-0.18%
10/11/22,33.63,33.56,34.43,32.45,NULL,3.64%
10/10/22,32.45,32.93,33.99,32.05,NULL,3.48%
10/07/22,31.36,30.37,32.02,29.88,NULL,2.75%
10/06/22,30.52,28.6,30.74,28.56,NULL,6.90%
10/05/22,28.55,29.36,30.11,28.5,NULL,-1.79%
10/04/22,29.07,29.52,29.62,28.56,NULL,-3.42%
10/03/22,30.1,33,33.06,29.63,NULL,-4.81%
09/30/22,31.62,31.61,33.25,29.39,NULL,-0.69%
09/29/22,31.84,31.67,33.46,31.16,NULL,5.50%
09/28/22,30.18,34.5,34.88,30.03,NULL,-7.42%
09/27/22,32.6,31.2,34.14,30.3,NULL,1.05%
09/26/22,32.26,31.74,32.88,29.83,NULL,7.82%
09/23/22,29.92,27.68,32.31,27.58,NULL,9.40%
09/22/22,27.35,28.16,28.38,26.71,NULL,-2.29%
09/21/22,27.99,28.03,30.18,25.55,NULL,3.06%
09/20/22,27.16,25.65,27.81,25.61,NULL,5.43%
09/19/22,25.76,27.69,27.95,25.56,NULL,-2.05%
09/16/22,26.3,27.47,28.45,26.14,NULL,0.11%
09/15/22,26.27,26.1,26.93,25.42,NULL,0.42%
09/14/22,26.16,26.73,27.56,26.16,NULL,-4.07%
09/13/22,27.27,23.67,28.15,23.53,NULL,14.24%
09/12/22,23.87,23.58,24.23,23.16,NULL,4.74%
09/09/22,22.79,23.49,23.57,22.64,NULL,-3.47%
09/08/22,23.61,24.7,25.9,23.56,NULL,-4.18%
09/07/22,24.64,26.93,27.15,24.54,NULL,-8.44%
09/06/22,26.91,25.46,27.8,25.33,NULL,3.54%
09/05/22,25.99,26.51,26.85,25.84,NULL,2.04%
09/02/22,25.47,25.51,26.28,23.19,NULL,-0.35%
09/01/22,25.56,26.88,27.45,25.25,NULL,-1.20%
08/31/22,25.87,25.86,26.62,25.31,NULL,-1.30%
08/30/22,26.21,25.75,27.69,25.13,NULL,0.00%
08/29/22,26.21,26.86,27.67,25.47,NULL,2.54%
08/26/22,25.56,22.07,25.9,21.67,NULL,17.36%
08/25/22,21.78,22.41,23.13,21.77,NULL,-4.56%
08/24/22,22.82,24.37,24.86,22.73,NULL,-5.35%
08/23/22,24.11,24.13,24.21,23.07,NULL,1.30%
08/22/22,23.8,22.41,24.62,22.39,NULL,15.53%
08/19/22,20.6,20.16,21.27,20.08,NULL,5.32%
08/18/22,19.56,20.51,20.61,19.43,NULL,-1.71%
08/17/22,19.9,19.74,20.63,19.41,NULL,1.07%
08/16/22,19.69,20.23,20.39,19.5,NULL,-1.30%
08/15/22,19.95,20.74,21.16,19.81,NULL,2.15%
08/12/22,19.53,20.34,20.35,19.12,NULL,-3.32%
08/11/22,20.2,19.84,20.85,19.71,NULL,2.33%
08/10/22,19.74,22.28,22.34,19.54,NULL,-9.32%
08/09/22,21.77,21.41,22.23,21.41,NULL,2.25%
08/08/22,21.29,21.74,22.01,20.83,NULL,0.66%
08/05/22,21.15,21.5,22.58,20.76,NULL,-1.35%
08/04/22,21.44,22.06,22.66,21.44,NULL,-2.32%
08/03/22,21.95,23.86,23.92,21.68,NULL,-8.27%
08/02/22,23.93,24.08,24.68,22.67,NULL,4.77%
08/01/22,22.84,22.41,23.27,22.26,NULL,7.08%
07/29/22,21.33,22.13,22.16,21.21,NULL,-4.48%
07/28/22,22.33,23.33,23.54,22.22,NULL,-3.92%
07/27/22,23.24,24.27,24.41,23.02,NULL,-5.87%
07/26/22,24.69,23.95,25.31,23.82,NULL,5.69%
07/25/22,23.36,24.33,24.57,23.19,NULL,1.43%
07/22/22,23.03,23.3,23.81,22.41,NULL,-0.35%
07/21/22,23.11,24.07,24.67,22.92,NULL,-3.22%
07/20/22,23.88,24.23,24.73,23.4,NULL,-2.53%
07/19/22,24.5,25.12,25.41,24.23,NULL,-3.16%
07/18/22,25.3,24.83,25.91,24.38,NULL,4.42%
07/15/22,24.23,26.72,26.72,24.13,NULL,-8.22%
07/14/22,26.4,27.47,28.45,26.2,NULL,-1.57%
07/13/22,26.82,27.35,29.06,26.23,NULL,-1.72%
07/12/22,27.29,27.14,27.75,25.82,NULL,4.28%
07/11/22,26.17,26.42,26.74,25.79,NULL,6.21%
07/08/22,24.64,26.41,26.61,24.43,NULL,-5.52%
07/07/22,26.08,26.73,26.79,25.66,NULL,-2.43%
07/06/22,26.73,27.84,28.07,26.43,NULL,-2.94%
07/05/22,27.54,27.37,29.82,27.3,NULL,0.04%
07/04/22,27.53,27.96,28.1,27.46,NULL,3.11%
07/01/22,26.7,29.53,29.59,26.69,NULL,-7.00%
06/30/22,28.71,29.42,30.22,28.28,NULL,1.95%
06/29/22,28.16,28.8,29.36,27.85,NULL,-0.71%
06/28/22,28.36,26.9,28.68,26.47,NULL,5.23%
06/27/22,26.95,28.3,28.66,26.93,NULL,-1.03%
06/24/22,27.23,29.07,29.72,26.83,NULL,-6.27%
06/23/22,29.05,29.29,29.77,28.74,NULL,0.35%
06/22/22,28.95,31.45,31.57,28.78,NULL,-4.11%
06/21/22,30.19,30.63,30.65,29.33,NULL,-2.71%
06/20/22,31.03,32.06,32.16,30.98,NULL,-0.32%
06/17/22,31.13,32.84,33.31,30.47,NULL,-5.52%
06/16/22,32.95,30.35,34.82,30.35,NULL,11.24%
06/15/22,29.62,32.39,32.77,27.76,NULL,-9.39%
06/14/22,32.69,33.01,34,32.06,NULL,-3.91%
06/13/22,34.02,31.37,35.05,31.29,NULL,22.59%
06/10/22,27.75,26.26,29.63,26.05,NULL,6.36%
06/09/22,26.09,24.29,26.24,23.82,NULL,8.89%
06/08/22,23.96,24.37,24.78,23.74,NULL,-0.25%
06/07/22,24.02,25.54,26.24,23.88,NULL,-4.19%
06/06/22,25.07,25.37,25.81,24.82,NULL,1.13%
06/03/22,24.79,24.91,25.96,24.76,NULL,0.28%
06/02/22,24.72,25.73,26.5,24.33,NULL,-3.78%
06/01/22,25.69,26.05,27.73,25.38,NULL,-1.91%
05/31/22,26.19,27.47,28.35,25.94,NULL,-1.32%
05/30/22,26.54,26.16,26.81,26.08,NULL,3.19%
05/27/22,25.72,27.5,27.54,25.57,NULL,-6.47%
05/26/22,27.5,28.42,28.46,27.11,NULL,-3.07%
05/25/22,28.37,29.33,30.23,28.16,NULL,-3.67%
05/24/22,29.45,29.43,31.07,29.04,NULL,3.41%
05/23/22,28.48,28.98,30.39,28.29,NULL,-3.23%
05/20/22,29.43,28.78,32.91,28.06,NULL,0.27%
05/19/22,29.35,31.24,33.11,29.06,NULL,-5.20%
05/18/22,30.96,26.74,31.49,26.21,NULL,18.62%
05/17/22,26.1,27.07,27.17,25.51,NULL,-4.99%
05/16/22,27.47,30.01,30.23,27.36,NULL,-4.85%
05/13/22,28.87,31.09,31.2,28.78,NULL,-9.13%
05/12/22,31.77,33.74,34.76,31.7,NULL,-2.43%
05/11/22,32.56,32.87,34.39,30.69,NULL,-1.30%
05/10/22,32.99,33.66,34.84,32.24,NULL,-5.06%
05/09/22,34.75,31.9,35.48,31.9,NULL,15.10%
05/06/22,30.19,32.23,35.34,29.83,NULL,-3.24%
05/05/22,31.2,25.97,33.2,25.78,NULL,22.74%
05/04/22,25.42,29.12,29.42,24.94,NULL,-13.09%
05/03/22,29.25,31.76,32.82,29.06,NULL,-9.55%
05/02/22,32.34,33.35,36.64,31.74,NULL,-3.17%
04/29/22,33.4,28.97,34.34,28.54,NULL,11.37%
04/28/22,29.99,29.91,32,28,NULL,-5.09%
04/27/22,31.6,31.11,32.77,29.82,NULL,-5.73%
04/26/22,33.52,27.38,33.81,27.06,NULL,24.06%
04/25/22,27.02,30.04,31.6,26.8,NULL,-4.22%
04/22/22,28.21,22.71,28.27,22.62,NULL,24.38%
04/21/22,22.68,20.24,23.28,19.81,NULL,11.61%
04/20/22,20.32,21.13,21.32,19.75,NULL,-4.91%
04/19/22,21.37,22.55,22.92,20.36,NULL,-3.61%
04/18/22,22.17,24.52,24.6,21.98,NULL,-2.33%
04/15/22,22.7,22.7,22.7,22.7,NULL,0.00%
04/14/22,22.7,21.72,22.7,20.85,NULL,4.03%
04/13/22,21.82,23.52,24.45,21.37,NULL,-10.06%
04/12/22,24.26,24.94,25.38,22.27,NULL,-0.45%
04/11/22,24.37,23.09,24.42,22.09,NULL,15.17%
04/08/22,21.16,21.25,22.34,20.28,NULL,-1.81%
04/07/22,21.55,21.97,23.82,21.12,NULL,-2.49%
04/06/22,22.1,21.27,24.78,21.24,NULL,5.09%
04/05/22,21.03,18.79,21.57,18.55,NULL,13.25%
04/04/22,18.57,20.75,20.78,18.45,NULL,-5.40%
04/01/22,19.63,20.62,20.86,19.41,NULL,-4.52%
03/31/22,20.56,19.68,21.48,19.54,NULL,6.36%
03/30/22,19.33,19.38,20.51,18.72,NULL,2.28%
03/29/22,18.9,19.7,19.73,18.67,NULL,-3.72%
03/28/22,19.63,22.14,23.33,19.54,NULL,-5.67%
03/25/22,20.81,21.87,22.86,20.8,NULL,-3.97%
03/24/22,21.67,23.61,23.79,21.49,NULL,-8.06%
03/23/22,23.57,23.04,24.03,22.64,NULL,2.75%
03/22/22,22.94,24.02,24.02,22.7,NULL,-2.51%
03/21/22,23.53,25.14,25.36,22.99,NULL,-1.42%
03/18/22,23.87,26.36,26.82,23.85,NULL,-7.01%
03/17/22,25.67,26.51,27.47,25.25,NULL,-3.75%
03/16/22,26.67,29.02,29.8,26.29,NULL,-10.59%
03/15/22,29.83,33.13,33.83,29.57,NULL,-6.11%
03/14/22,31.77,31.03,33.18,30.06,NULL,3.32%
03/11/22,30.75,30.43,31.04,28.84,NULL,1.72%
03/10/22,30.23,33.03,34.03,30.23,NULL,-6.84%
03/09/22,32.45,33.74,34.12,31.39,NULL,-7.63%
03/08/22,35.13,36.19,37.52,32.78,NULL,-3.62%
03/07/22,36.45,35.88,36.55,32.59,NULL,13.98%
03/04/22,31.98,31.9,34.65,31.47,NULL,4.92%
03/03/22,30.48,30.52,32.01,29.31,NULL,-0.85%
03/02/22,30.74,34.2,34.41,30.12,NULL,-7.74%
03/01/22,33.32,29.45,35.19,29.44,NULL,10.51%
02/28/22,30.15,32.44,33.51,28.43,NULL,9.28%
02/25/22,27.59,31.68,32,26.93,NULL,-9.00%
02/24/22,30.32,37.5,37.79,29.45,NULL,-2.26%
02/23/22,31.02,28.04,31.07,27.2,NULL,7.67%
02/22/22,28.81,31.8,32.04,28.4,NULL,3.82%
02/18/22,27.75,26.66,29.71,26.38,NULL,-1.28%
02/17/22,28.11,24.83,28.37,24.76,NULL,15.73%
02/16/22,24.29,25.19,27.09,23.88,NULL,-5.49%
02/15/22,25.7,28.09,28.09,25.33,NULL,-9.28%
02/14/22,28.33,29.17,32.04,28.33,NULL,3.55%
02/11/22,27.36,24.39,30.99,23.33,NULL,14.43%
02/10/22,23.91,20.37,24.77,20.18,NULL,19.79%
02/09/22,19.96,21.27,21.3,19.93,NULL,-6.90%
02/08/22,21.44,23.09,23.48,21.32,NULL,-6.21%
02/07/22,22.86,24.09,24.82,22.02,NULL,-1.55%
02/04/22,23.22,23.77,26.26,22.07,NULL,-4.64%
02/03/22,24.35,22.63,25.81,22.3,NULL,10.23%
02/02/22,22.09,21.56,22.73,20.46,NULL,0.59%
02/01/22,21.96,24.57,25.33,21.96,NULL,-11.56%
01/31/22,24.83,28.36,29.41,24.71,NULL,-10.23%
01/28/22,27.66,30.27,32.82,27.28,NULL,-9.28%
01/27/22,30.49,32.19,33,28.42,NULL,-4.60%
01/26/22,31.96,29.35,33.04,26.9,NULL,2.57%
01/25/22,31.16,32.29,35.85,29.13,NULL,4.21%
01/24/22,29.9,28.2,38.94,28.02,NULL,3.64%
01/21/22,28.85,25.38,29.79,25.31,NULL,12.74%
01/20/22,25.59,23.46,25.89,21.68,NULL,7.30%
01/19/22,23.85,23.12,23.99,21.85,NULL,4.65%
01/18/22,22.79,21.18,23.2,21.18,NULL,18.76%
01/14/22,19.19,20.11,22.07,19.05,NULL,-5.51%
01/13/22,20.31,18.06,20.61,17.45,NULL,15.27%
01/12/22,17.62,18.17,18.69,17.36,NULL,-4.29%
01/11/22,18.41,19.62,21,18.2,NULL,-5.10%
01/10/22,19.4,19.58,23.33,19.29,NULL,3.41%
01/07/22,18.76,19.85,20.8,18.57,NULL,-4.33%
01/06/22,19.61,20.29,21.06,19.08,NULL,-0.61%
01/05/22,19.73,17.07,20.17,16.58,NULL,16.68%
01/04/22,16.91,16.57,17.81,16.34,NULL,1.87%
01/03/22,16.6,17.6,18.54,16.56,NULL,-3.60%
12/31/21,17.22,17.63,18.27,16.99,NULL,-0.63%
12/30/21,17.33,17.3,17.79,16.62,NULL,2.24%
12/29/21,16.95,17.63,18,16.71,NULL,-3.36%
12/28/21,17.54,17.78,18.47,17.51,NULL,-0.79%
12/27/21,17.68,19.37,19.41,17.55,NULL,-1.56%
12/24/21,17.96,17.96,17.96,17.96,NULL,0.00%
12/23/21,17.96,18.81,18.93,17.62,NULL,-3.60%
12/22/21,18.63,21.04,21.36,18.59,NULL,-11.33%
12/21/21,21.01,22.28,22.68,20.9,NULL,-8.13%
12/20/21,22.87,25.89,27.39,22.85,NULL,6.03%
12/17/21,21.57,20.7,23.26,20.49,NULL,4.86%
12/16/21,20.57,18.56,22.13,18.19,NULL,6.64%
12/15/21,19.29,21.6,23.47,19.02,NULL,-11.88%
12/14/21,21.89,19.67,23,19.67,NULL,7.78%
12/13/21,20.31,19.29,21.18,18.96,NULL,8.67%
12/10/21,18.69,21.27,21.3,18.69,NULL,-13.39%
12/09/21,21.58,20.31,22.12,19.94,NULL,8.44%
12/08/21,19.9,21.74,23.11,19.85,NULL,-9.09%
12/07/21,21.89,24.58,24.69,21.58,NULL,-19.46%
12/06/21,27.18,28.99,30.82,26.75,NULL,-11.38%
12/03/21,30.67,26.95,35.32,25.89,NULL,9.73%
12/02/21,27.95,29.44,30.68,27.15,NULL,-10.19%
12/01/21,31.12,24.92,32.61,22.38,NULL,14.45%
11/30/21,27.19,26.23,28.56,23.71,NULL,18.42%
11/29/21,22.96,25.31,25.69,21.71,NULL,-19.78%
11/26/21,28.62,26.62,28.99,23.88,NULL,54.04%
11/25/21,18.58,18.58,18.58,18.58,NULL,0.00%
11/24/21,18.58,19.17,20.96,18.52,NULL,-4.13%
11/23/21,19.38,20.24,20.91,19.03,NULL,1.10%
11/22/21,19.17,18.2,19.59,17.35,NULL,7.04%
11/19/21,17.91,17.36,19.01,17.23,NULL,1.82%
11/18/21,17.59,16.81,18.15,16.38,NULL,2.81%
11/17/21,17.11,16.36,17.19,16.28,NULL,4.52%
11/16/21,16.37,16.86,17.08,16.03,NULL,-0.73%
11/15/21,16.49,17.03,17.46,16.49,NULL,1.23%
11/12/21,16.29,17.49,17.69,16.15,NULL,-7.76%
11/11/21,17.66,18.34,18.39,17.27,NULL,-5.71%
11/10/21,18.73,17.74,19.9,17.22,NULL,5.34%
11/09/21,17.78,17.43,18.57,17.21,NULL,3.25%
11/08/21,17.22,17.23,17.69,16.44,NULL,4.49%
11/05/21,16.48,15.59,17.02,14.95,NULL,6.74%
11/04/21,15.44,15.06,16.14,14.73,NULL,2.25%
11/03/21,15.1,16.11,16.39,14.9,NULL,-5.80%
11/02/21,16.03,16.54,16.65,15.89,NULL,-2.32%
11/01/21,16.41,16.85,17.7,16.32,NULL,0.92%
10/29/21,16.26,17.4,18.06,16.13,NULL,-1.63%
10/28/21,16.53,17.06,17.16,16.23,NULL,-2.65%
10/27/21,16.98,15.79,17.29,15.54,NULL,6.26%
10/26/21,15.98,15.02,16.71,14.9,NULL,4.86%
10/25/21,15.24,16.14,16.33,15.1,NULL,-1.23%
10/22/21,15.43,15.35,16.39,14.84,NULL,2.80%
10/21/21,15.01,16.06,16.11,14.92,NULL,-3.10%
10/20/21,15.49,15.82,15.89,15.29,NULL,-1.34%
10/19/21,15.7,16.09,16.31,15.57,NULL,-3.74%
10/18/21,16.31,17.29,17.93,16.27,NULL,0.06%
10/15/21,16.3,16.64,16.85,15.72,NULL,-3.32%
10/14/21,16.86,18.01,18.08,16.8,NULL,-9.55%
10/13/21,18.64,20.14,20.23,18.44,NULL,-6.10%
10/12/21,19.85,20.62,20.81,18.97,NULL,-0.75%
10/11/21,20,19.93,20.45,18.11,NULL,6.55%
10/08/21,18.77,19.46,19.94,18.2,NULL,-3.94%
10/07/21,19.54,20.54,20.76,19.07,NULL,-6.95%
10/06/21,21,22.95,24.4,20.99,NULL,-1.41%
10/05/21,21.3,22.92,23.17,20.62,NULL,-7.23%
10/04/21,22.96,22.9,24.58,21.88,NULL,8.56%
10/01/21,21.15,24.78,24.89,20.64,NULL,-8.60%
09/30/21,23.14,21.48,24.71,20.6,NULL,2.57%
09/29/21,22.56,22.07,23.79,21.45,NULL,-2.97%
09/28/21,23.25,19.74,24.82,19.71,NULL,23.93%
09/27/21,18.76,17.78,19.32,17.74,NULL,5.69%
09/24/21,17.75,19.33,20.41,17.63,NULL,-4.72%
09/23/21,18.63,19.91,20.21,18.42,NULL,-10.73%
09/22/21,20.87,22.72,23.4,20.75,NULL,-14.33%
09/21/21,24.36,23.41,25.6,21.71,NULL,-5.25%
09/20/21,25.71,24.25,28.79,23.9,NULL,23.55%
09/17/21,20.81,18.37,21.51,18.35,NULL,11.34%
09/16/21,18.69,18.41,19.76,17.65,NULL,2.81%
09/15/21,18.18,19.3,20.27,18.01,NULL,-6.58%
09/14/21,19.46,19.58,20.47,18.39,NULL,0.46%
09/13/21,19.37,19.64,21.18,18.76,NULL,-7.54%
09/10/21,20.95,17.94,21.13,16.99,NULL,11.44%
09/09/21,18.8,19.44,19.54,17.17,NULL,4.68%
09/08/21,17.96,18.97,19.64,17.78,NULL,-0.99%
09/07/21,18.14,16.94,18.39,16.89,NULL,10.54%
09/03/21,16.41,16.27,17.06,16.08,NULL,0.00%
09/02/21,16.41,16.27,16.98,15.73,NULL,1.86%
09/01/21,16.11,16.06,16.71,15.68,NULL,-2.25%
08/31/21,16.48,15.98,17.07,15.91,NULL,1.79%
08/30/21,16.19,16.77,16.8,15.98,NULL,-1.22%
08/27/21,16.39,17.95,18.22,16.11,NULL,-13.00%
08/26/21,18.84,17.46,19.27,17.16,NULL,12.21%
08/25/21,16.79,17.42,17.5,16.46,NULL,-2.50%
08/24/21,17.22,16.96,17.51,16.94,NULL,0.41%
08/23/21,17.15,18.83,18.95,16.95,NULL,-7.60%
08/20/21,18.56,22.74,23.9,18.18,NULL,-14.35%
08/19/21,21.67,23.12,24.74,20.37,NULL,0.46%
08/18/21,21.57,17.56,21.64,17.31,NULL,20.44%
08/17/21,17.91,17.31,19.56,16.71,NULL,11.10%
08/16/21,16.12,17.05,17.71,16.02,NULL,4.34%
08/13/21,15.45,15.68,15.72,15.19,NULL,-0.90%
08/12/21,15.59,16.33,16.42,15.49,NULL,-2.93%
08/11/21,16.06,16.81,17.09,15.87,NULL,-4.35%
08/10/21,16.79,16.82,17.05,16.34,NULL,0.42%
08/09/21,16.72,17.12,17.39,16.59,NULL,3.53%
08/06/21,16.15,17.46,17.5,16.14,NULL,-6.54%
08/05/21,17.28,17.73,17.84,17.23,NULL,-3.84%
08/04/21,17.97,18.23,18.9,17.67,NULL,-0.39%
08/03/21,18.04,19.17,20.44,17.7,NULL,-7.30%
08/02/21,19.46,18.16,19.87,17.99,NULL,6.69%
07/30/21,18.24,19.69,19.72,17.53,NULL,3.05%
07/29/21,17.7,17.91,18.01,17.19,NULL,-3.33%
07/28/21,18.31,19.41,19.62,17.52,NULL,-5.42%
07/27/21,19.36,18.62,20.44,18.25,NULL,10.13%
07/26/21,17.58,18.67,19.39,17.53,NULL,2.21%
07/23/21,17.2,16.98,17.48,16.33,NULL,-2.77%
07/22/21,17.69,17.59,18.45,17.4,NULL,-1.23%
07/21/21,17.91,19.73,19.82,17.81,NULL,-9.22%
07/20/21,19.73,20.89,22.97,19.37,NULL,-12.31%
07/19/21,22.5,19.61,25.09,19.27,NULL,21.95%
07/16/21,18.45,16.8,18.7,16.03,NULL,8.47%
07/15/21,17.01,16.7,18.09,16.56,NULL,4.16%
07/14/21,16.33,17.34,17.51,15.95,NULL,-4.61%
07/13/21,17.12,16.39,17.23,15.94,NULL,5.88%
07/12/21,16.17,16.85,17.52,16.14,NULL,-0.06%
07/09/21,16.18,17.88,18.13,16.08,NULL,-14.84%
07/08/21,19,17.74,21.29,17.74,NULL,17.28%
07/07/21,16.2,16.43,17.64,16.08,NULL,-1.46%
07/06/21,16.44,15.77,17.94,15.73,NULL,9.09%
07/02/21,15.07,15.53,15.54,14.25,NULL,-2.65%
07/01/21,15.48,15.62,16.01,15.31,NULL,-2.21%
06/30/21,15.83,16.18,17.31,15.58,NULL,-1.19%
06/29/21,16.02,15.69,16.31,14.1,NULL,1.65%
06/28/21,15.76,16.07,16.46,15.39,NULL,0.90%
06/25/21,15.62,16.04,16.17,15.21,NULL,-2.19%
06/24/21,15.97,15.99,16.05,14.19,NULL,-2.14%
06/23/21,16.32,16.25,16.84,14.86,NULL,-2.04%
06/22/21,16.66,17.91,18.32,15.76,NULL,-6.88%
06/21/21,17.89,21.74,21.82,17.81,NULL,-13.57%
06/18/21,20.7,16.96,21.04,16.92,NULL,16.62%
06/17/21,17.75,18.49,19.22,16.71,NULL,-2.20%
06/16/21,18.15,16.99,19.11,16.42,NULL,6.64%
06/15/21,17.02,16.27,17.35,16.14,NULL,3.84%
06/14/21,16.39,16.04,17.04,15.04,NULL,4.73%
06/11/21,15.65,16.18,16.2,15.15,NULL,-2.80%
06/10/21,16.1,18.18,18.29,16.01,NULL,-10.01%
06/09/21,17.89,17.18,17.96,15.55,NULL,4.80%
06/08/21,17.07,16.58,17.75,15.15,NULL,3.96%
06/07/21,16.42,17.34,17.35,15.78,NULL,0.00%
06/04/21,16.42,18.09,18.42,16.18,NULL,-8.98%
06/03/21,18.04,17.73,19.27,17.45,NULL,3.20%
06/02/21,17.48,17.86,18.31,16.74,NULL,-2.35%
06/01/21,17.9,17.24,18.53,15.68,NULL,6.80%
05/28/21,16.76,16.8,16.86,15.9,NULL,0.12%
05/27/21,16.74,18.03,18.17,16.52,NULL,-3.57%
05/26/21,17.36,18.37,18.92,17.35,NULL,-7.86%
05/25/21,18.84,18.35,19.29,16.87,NULL,2.39%
05/24/21,18.4,20.5,20.51,18.38,NULL,-8.68%
05/21/21,20.15,20.42,20.89,19.53,NULL,-2.52%
05/20/21,20.67,22.33,23.5,20.19,NULL,-6.81%
05/19/21,22.18,22.46,25.96,21.88,NULL,3.94%
05/18/21,21.34,18.89,21.45,18.81,NULL,8.22%
05/17/21,19.72,19.89,21.58,19.67,NULL,4.84%
05/14/21,18.81,21.77,22.1,18.66,NULL,-18.68%
05/13/21,23.13,26.03,28.93,22.23,NULL,-16.17%
05/12/21,27.59,22.42,28.38,21.66,NULL,26.33%
05/11/21,21.84,21.17,23.73,20.71,NULL,11.09%
05/10/21,19.66,17.34,19.75,17.07,NULL,17.80%
05/07/21,16.69,18.45,18.57,16.68,NULL,-9.24%
05/06/21,18.39,18.41,20.6,18.21,NULL,-3.97%
05/05/21,19.15,18.84,19.58,17.89,NULL,-1.69%
05/04/21,19.48,18.16,21.85,18.11,NULL,6.39%
05/03/21,18.31,18.65,19.12,17.8,NULL,-1.61%
04/30/21,18.61,17.67,19.25,17.64,NULL,5.68%
04/29/21,17.61,16.88,18.87,16.77,NULL,1.91%
04/28/21,17.28,17.47,17.84,16.67,NULL,-1.59%
04/27/21,17.56,17.62,18.16,16.97,NULL,-0.45%
04/26/21,17.64,17.94,18.17,16.87,NULL,1.79%
04/23/21,17.33,18.56,18.78,16.8,NULL,-7.38%
04/22/21,18.71,17.28,19.9,16.99,NULL,6.91%
04/21/21,17.5,18.48,19.29,16.91,NULL,-6.32%
04/20/21,18.68,17.36,19.7,17.24,NULL,8.04%
04/19/21,17.29,17.04,18.61,16.78,NULL,6.40%
04/16/21,16.25,16.65,16.88,16.05,NULL,-1.93%
04/15/21,16.57,16.78,16.92,15.94,NULL,-2.47%
04/14/21,16.99,16.71,17.69,15.38,NULL,2.04%
04/13/21,16.65,16.99,17.86,16.43,NULL,-1.54%
04/12/21,16.91,17.43,17.91,16.81,NULL,1.32%
04/09/21,16.69,17.05,17.34,16.2,NULL,-1.53%
04/08/21,16.95,16.92,17.36,16.55,NULL,-1.22%
04/07/21,17.16,17.99,18.17,16.87,NULL,-5.30%
04/06/21,18.12,18.07,18.3,17.37,NULL,1.17%
04/05/21,17.91,18.16,18.4,17.35,NULL,3.35%
04/02/21,17.33,17.33,17.33,17.33,NULL,0.00%
04/01/21,17.33,18.6,18.64,17.29,NULL,-10.67%
03/31/21,19.4,19.8,20.11,18.85,NULL,-1.07%
03/30/21,19.61,20.76,21.75,19.47,NULL,-5.45%
03/29/21,20.74,20.4,21.6,19.42,NULL,9.97%
03/26/21,18.86,19.32,21.49,18.68,NULL,-4.80%
03/25/21,19.81,20.8,23.55,19.81,NULL,-6.56%
03/24/21,21.2,20.64,21.49,19.3,NULL,4.43%
03/23/21,20.3,19.46,21.58,18.8,NULL,7.52%
03/22/21,18.88,21.91,22.29,18.87,NULL,-9.88%
03/19/21,20.95,21.43,23.17,19.9,NULL,-2.92%
03/18/21,21.58,18.95,22.6,18.95,NULL,12.22%
03/17/21,19.23,20.1,20.95,19.18,NULL,-2.83%
03/16/21,19.79,20.14,20.31,19.33,NULL,-1.20%
03/15/21,20.03,21.84,21.86,19.87,NULL,-3.19%
03/12/21,20.69,22.57,22.99,20.63,NULL,-5.57%
03/11/21,21.91,22.5,22.5,21.45,NULL,-2.88%
03/10/21,22.56,23.76,23.87,22.38,NULL,-6.12%
03/09/21,24.03,25.11,25.25,22.9,NULL,-5.65%
03/08/21,25.47,27.61,28.39,24.07,NULL,3.28%
03/05/21,24.66,29.48,30.03,24.33,NULL,-13.69%
03/04/21,28.57,26.52,31.9,24.93,NULL,7.12%
03/03/21,26.67,22.8,26.79,22.45,NULL,10.66%
03/02/21,24.1,23.58,24.6,22.8,NULL,3.21%
03/01/21,23.35,25.2,25.39,23.17,NULL,-16.46%
02/26/21,27.95,28.73,30.82,25.23,NULL,-3.25%
02/25/21,28.89,21.73,31.16,21.52,NULL,35.38%
02/24/21,21.34,23.76,25.04,21.31,NULL,-7.66%
02/23/21,23.11,22.82,27.01,22.5,NULL,-1.45%
02/22/21,23.45,24.46,25.09,21.96,NULL,6.35%
02/19/21,22.05,23.1,23.19,20.84,NULL,-1.96%
02/18/21,22.49,21.98,24.23,21.8,NULL,4.60%
02/17/21,21.5,22.02,23.44,21.09,NULL,0.19%
02/16/21,21.46,21.13,22.46,20.88,NULL,7.46%
02/12/21,19.97,21.6,22.45,19.95,NULL,-6.02%
02/11/21,21.25,22.09,23.25,21.11,NULL,-3.37%
02/10/21,21.99,21.64,23.85,19.69,NULL,1.66%
02/09/21,21.63,21.57,22.26,20.65,NULL,1.84%
02/08/21,21.24,21.89,22.07,21.23,NULL,1.77%
02/05/21,20.87,21.99,22.16,20.86,NULL,-4.13%
02/04/21,21.77,23.44,23.44,21.68,NULL,-4.98%
02/03/21,22.91,24.59,25.43,22.91,NULL,-10.37%
02/02/21,25.56,28.01,28.08,25.31,NULL,-15.48%
02/01/21,30.24,31.45,33.96,29.03,NULL,-8.61%
01/29/21,33.09,35.16,37.51,29.24,NULL,9.53%
01/28/21,30.21,33.25,36.29,27.39,NULL,-18.81%
01/27/21,37.21,23.82,37.21,23.71,NULL,61.64%
01/26/21,23.02,23.91,23.94,22.55,NULL,-0.73%
01/25/21,23.19,22.31,26.63,22.2,NULL,5.84%
01/22/21,21.91,22.24,23.73,21.27,NULL,2.77%
01/21/21,21.32,21.34,22.22,21.09,NULL,-1.20%
01/20/21,21.58,22.82,22.86,21.37,NULL,-7.14%
01/19/21,23.24,23.03,23.56,22.53,NULL,-4.52%
01/15/21,24.34,23.52,25.8,23.08,NULL,4.69%
01/14/21,23.25,22.22,23.47,21.66,NULL,4.68%
01/13/21,22.21,23.07,24.18,21.92,NULL,-4.80%
01/12/21,23.33,23.49,25.15,22.83,NULL,-3.11%
01/11/21,24.08,23.31,24.81,23.23,NULL,11.69%
01/08/21,21.56,22.43,23.34,21.42,NULL,-3.62%
01/07/21,22.37,23.67,23.91,22.25,NULL,-10.77%
01/06/21,25.07,25.48,26.77,22.14,NULL,-1.07%
01/05/21,25.34,26.94,28.6,24.8,NULL,-6.04%
01/04/21,26.97,23.04,29.19,22.56,NULL,18.55%
12/31/20,22.75,22.99,23.25,21.24,NULL,-0.09%
12/30/20,22.77,22.58,23.15,22.41,NULL,-1.34%
12/29/20,23.08,21.61,23.72,20.99,NULL,6.36%
12/28/20,21.7,22.11,22.12,21.15,NULL,0.79%
12/25/20,21.53,21.53,21.53,21.53,NULL,0.00%
12/24/20,21.53,22.47,22.83,21.39,NULL,-7.64%
12/23/20,23.31,23.49,23.68,22.13,NULL,-3.80%
12/22/20,24.23,25.24,25.56,23.53,NULL,-3.70%
12/21/20,25.16,24.25,31.46,24.23,NULL,16.64%
12/18/20,21.57,22.15,23.77,21.57,NULL,-1.64%
12/17/20,21.93,21.98,22.27,21.52,NULL,-2.53%
12/16/20,22.5,22.51,23.67,22.29,NULL,-1.70%
12/15/20,22.89,24,24.07,22.73,NULL,-7.40%
12/14/20,24.72,22.67,24.82,21.95,NULL,6.05%
12/11/20,23.31,22.49,25.14,22.48,NULL,3.51%
12/10/20,22.52,22.12,23.46,21.53,NULL,1.12%
12/09/20,22.27,20.66,22.93,20.1,NULL,7.69%
12/08/20,20.68,21.65,22.25,20.52,NULL,-2.91%
12/07/20,21.3,22.04,22.62,21.17,NULL,2.45%
12/04/20,20.79,21.05,21.15,19.97,NULL,-2.30%
12/03/20,21.28,21.24,21.88,20.72,NULL,0.52%
12/02/20,21.17,21,21.25,20.04,NULL,1.93%
12/01/20,20.77,20.21,20.92,20,NULL,0.97%
11/30/20,20.57,22.64,22.89,20.48,NULL,-1.30%
11/27/20,20.84,21.52,21.6,19.51,NULL,-1.93%
11/26/20,21.25,21.25,21.25,21.25,NULL,0.00%
11/25/20,21.25,21.65,22.5,21.13,NULL,-1.80%
11/24/20,21.64,22.04,22.48,20.8,NULL,-4.50%
11/23/20,22.66,23.66,23.96,22.45,NULL,-4.39%
11/20/20,23.7,23.43,23.73,22.13,NULL,2.55%
11/19/20,23.11,23.62,24.52,22.56,NULL,-3.06%
11/18/20,23.84,22.86,23.92,21.66,NULL,4.98%
11/17/20,22.71,22.84,24.09,22.34,NULL,1.16%
11/16/20,22.45,23.66,24.08,22.43,NULL,-2.81%
11/13/20,23.1,24.94,25.03,22.74,NULL,-8.88%
11/12/20,25.35,24.39,27.27,23.53,NULL,8.10%
11/11/20,23.45,25.01,25.12,22.57,NULL,-5.44%
11/10/20,24.8,25.36,26.77,24.35,NULL,-3.69%
11/09/20,25.75,24.8,25.82,22.41,NULL,3.58%
11/06/20,24.86,27.87,29.44,24.56,NULL,-9.86%
11/05/20,27.58,27.56,28.14,26.04,NULL,-6.73%
11/04/20,29.57,36.79,36.85,28.03,NULL,-16.82%
11/03/20,35.55,36.44,36.44,34.19,NULL,-4.26%
11/02/20,37.13,38.57,38.78,36.13,NULL,-2.34%
10/30/20,38.02,40.81,41.09,36.5,NULL,1.14%
10/29/20,37.59,38.8,41.16,35.63,NULL,-6.68%
10/28/20,40.28,34.69,40.77,34.68,NULL,20.78%
10/27/20,33.35,32.04,33.77,31.85,NULL,2.74%
10/26/20,32.46,29.38,33.68,29.22,NULL,17.82%
10/23/20,27.55,28.47,28.67,27.26,NULL,-1.99%
10/22/20,28.11,30.1,30.12,27.68,NULL,-1.88%
10/21/20,28.65,29.12,30.55,28.37,NULL,-2.39%
10/20/20,29.35,28.81,29.6,28.29,NULL,0.58%
10/19/20,29.18,27.36,29.69,27.04,NULL,6.46%
10/16/20,27.41,27.16,27.46,26.19,NULL,1.63%
10/15/20,26.97,27.1,29.06,26.82,NULL,2.16%
10/14/20,26.4,25.72,27.23,25.53,NULL,1.27%
10/13/20,26.07,25.67,26.93,25.16,NULL,3.99%
10/12/20,25.07,25.65,25.65,24.14,NULL,0.28%
10/09/20,25,26.2,26.22,24.03,NULL,-5.16%
10/08/20,26.36,27.65,27.99,24.88,NULL,-6.06%
10/07/20,28.06,29.26,29.76,27.94,NULL,-4.82%
10/06/20,29.48,28.05,30,26.01,NULL,5.44%
10/05/20,27.96,29.52,29.69,27.27,NULL,1.19%
10/02/20,27.63,28.87,29.9,26.93,NULL,3.48%
10/01/20,26.7,25.78,27.11,25.33,NULL,1.25%
09/30/20,26.37,26.69,27.12,25.06,NULL,0.38%
09/29/20,26.27,26.81,27.43,25.98,NULL,0.31%
09/28/20,26.19,27.15,27.19,24.9,NULL,-0.72%
09/25/20,26.38,28.17,30.43,26.02,NULL,-7.47%
09/24/20,28.51,29.54,30.49,27.94,NULL,-0.24%
09/23/20,28.58,27.02,29.73,25.19,NULL,6.40%
09/22/20,26.86,28.61,28.78,26.48,NULL,-3.31%
09/21/20,27.78,28.04,31.18,27.39,NULL,7.55%
09/18/20,25.83,26.65,28.1,25.28,NULL,-2.38%
09/17/20,26.46,28.22,28.92,26.26,NULL,1.61%
09/16/20,26.04,25.31,26.59,24.84,NULL,1.76%
09/15/20,25.59,25.92,26,24.92,NULL,-1.01%
09/14/20,25.85,25.86,26.79,25.38,NULL,-3.80%
09/11/20,26.87,28.63,29.73,26.51,NULL,-9.56%
09/10/20,29.71,28.67,30.56,27.59,NULL,3.12%
09/09/20,28.81,31.68,31.78,28.12,NULL,-8.42%
09/08/20,31.46,30.61,35.93,30.52,NULL,2.31%
09/04/20,30.75,34.62,38.28,29.5,NULL,-8.48%
09/03/20,33.6,26.28,35.94,25.66,NULL,26.46%
09/02/20,26.57,26.01,27.07,25.53,NULL,1.72%
09/01/20,26.12,25.86,26.59,25.02,NULL,-1.10%
08/31/20,26.41,23.91,26.5,21.77,NULL,15.03%
08/28/20,22.96,24.59,26.3,22.64,NULL,-6.17%
08/27/20,24.47,23.42,27.09,21.44,NULL,5.16%
08/26/20,23.27,22.14,23.27,20.92,NULL,5.63%
08/25/20,22.03,22.16,23.43,21.53,NULL,-1.52%
08/24/20,22.37,22.87,23.18,21.25,NULL,-0.75%
08/21/20,22.54,22.58,24.47,22.06,NULL,-0.79%
08/20/20,22.72,24.1,24.6,22.37,NULL,0.80%
08/19/20,22.54,21.6,22.98,20.99,NULL,4.79%
08/18/20,21.51,21.69,22.55,21.18,NULL,0.75%
08/17/20,21.35,22.52,22.82,21.34,NULL,-3.17%
08/14/20,22.05,22.27,23.55,21.79,NULL,-0.36%
08/13/20,22.13,22.2,22.92,21.45,NULL,-0.67%
08/12/20,22.28,22.82,22.88,21.54,NULL,-7.28%
08/11/20,24.03,21.85,24.93,20.28,NULL,8.59%
08/10/20,22.13,22.88,23.52,21.46,NULL,-0.36%
08/07/20,22.21,23.45,24.02,22.02,NULL,-1.94%
08/06/20,22.65,23.03,24.11,20.97,NULL,-1.48%
08/05/20,22.99,23.44,23.61,22.86,NULL,-3.24%
08/04/20,23.76,24.01,24.76,22.92,NULL,-2.14%
08/03/20,24.28,25.75,26.01,22.17,NULL,-0.74%
07/31/20,24.46,24.79,26.41,23.55,NULL,-1.21%
07/30/20,24.76,25.04,28.29,24.64,NULL,2.74%
07/29/20,24.1,25.16,25.42,23.73,NULL,-5.27%
07/28/20,25.44,24.86,25.85,24.05,NULL,2.83%
07/27/20,24.74,26.6,26.94,24.55,NULL,-4.26%
07/24/20,25.84,27.96,28.58,25.53,NULL,-0.92%
07/23/20,26.08,23.97,26.95,23.6,NULL,7.24%
07/22/20,24.32,24.56,26.26,24.13,NULL,-2.09%
07/21/20,24.84,24.08,25.65,23.61,NULL,1.55%
07/20/20,24.46,26.94,27.08,24.35,NULL,-4.75%
07/17/20,25.68,27.15,27.54,25.41,NULL,-8.29%
07/16/20,28,28.41,29.29,26.98,NULL,0.86%
07/15/20,27.76,29.15,30.09,27.17,NULL,-5.96%
07/14/20,29.52,31.14,33.67,29.21,NULL,-8.29%
07/13/20,32.19,27.85,32.45,26.87,NULL,17.96%
07/10/20,27.29,30.86,30.91,27.13,NULL,-6.73%
07/09/20,29.26,28.18,31.48,26.11,NULL,4.20%
07/08/20,28.08,28.95,30.2,27.24,NULL,-4.59%
07/07/20,29.43,28.77,29.63,27.25,NULL,5.33%
07/06/20,27.94,27.76,28.33,24.92,NULL,0.94%
07/03/20,27.68,27.68,27.68,27.68,NULL,0.00%
07/02/20,27.68,28.33,28.44,25.9,NULL,-3.28%
07/01/20,28.62,30.96,31.76,28.2,NULL,-5.95%
06/30/20,30.43,32.54,32.94,29.56,NULL,-4.25%
06/29/20,31.78,35.05,36.31,31.78,NULL,-8.49%
06/26/20,34.73,33.01,36.25,31.04,NULL,7.79%
06/25/20,32.22,36.59,36.93,31.59,NULL,-4.79%
06/24/20,33.84,31.05,37.12,30.95,NULL,7.87%
06/23/20,31.37,31.71,31.71,29.26,NULL,-1.26%
06/22/20,31.77,35.22,35.39,31.64,NULL,-9.54%
06/19/20,35.12,32.07,35.12,30.4,NULL,6.62%
06/18/20,32.94,33.83,36.25,32.24,NULL,-1.58%
06/17/20,33.47,33.28,35.17,32.25,NULL,-0.59%
06/16/20,33.67,34.28,37.45,31.73,NULL,-2.12%
06/15/20,34.4,44.09,44.44,34.28,NULL,-4.68%
06/12/20,36.09,37.68,44.16,34.97,NULL,-11.52%
06/11/20,40.79,30.45,42.58,29.49,NULL,47.95%
06/10/20,27.57,26.73,29.01,26.06,NULL,0.00%
06/09/20,27.57,25.93,27.7,25.71,NULL,6.82%
06/08/20,25.81,25.56,25.98,24.65,NULL,5.26%
06/05/20,24.52,24.79,25.09,23.54,NULL,-5.00%
06/04/20,25.81,26.23,26.43,24.38,NULL,0.58%
06/03/20,25.66,26.75,26.98,25.04,NULL,-4.40%
06/02/20,26.84,28.4,28.52,26.66,NULL,-4.92%
06/01/20,28.23,28.94,30.6,28.11,NULL,2.62%
05/29/20,27.51,29.3,30.16,27.29,NULL,-3.78%
05/28/20,28.59,27.82,29.89,27.43,NULL,3.51%
05/27/20,27.62,27.62,30.53,25.92,NULL,-1.39%
05/26/20,28.01,27.72,28.58,27.18,NULL,-0.53%
05/22/20,28.16,31.36,31.55,28.03,NULL,-4.64%
05/21/20,29.53,28.97,30.2,27.67,NULL,5.50%
05/20/20,27.99,29.52,29.83,27.83,NULL,-8.32%
05/19/20,30.53,28.73,30.74,28.37,NULL,4.20%
05/18/20,29.3,30.71,31.08,28.35,NULL,-8.12%
05/15/20,31.89,32.5,35.13,31.04,NULL,-2.21%
05/14/20,32.61,35.16,39.28,32.33,NULL,-7.57%
05/13/20,35.28,32.74,37.42,30.77,NULL,6.78%
05/12/20,33.04,28.47,33.04,26,NULL,19.84%
05/11/20,27.57,28.46,31.46,26.97,NULL,-1.47%
05/08/20,27.98,30.14,30.39,27.89,NULL,-11.01%
05/07/20,31.44,32.12,32.28,30.37,NULL,-7.85%
05/06/20,34.12,32.69,35.69,31.68,NULL,1.52%
05/05/20,33.61,34.82,36.22,31.95,NULL,-6.56%
05/04/20,35.97,39.13,40.32,35.53,NULL,-3.28%
05/01/20,37.19,38.17,39.57,36.59,NULL,8.90%
04/30/20,34.15,30.99,35.94,30.93,NULL,9.35%
04/29/20,31.23,32.48,33.19,30.71,NULL,-6.97%
04/28/20,33.57,33.21,35.39,30.54,NULL,0.84%
04/27/20,33.29,36.29,36.44,32.51,NULL,-7.35%
04/24/20,35.93,41.91,42.08,35.6,NULL,-13.17%
04/23/20,41.38,41.3,42.47,39.06,NULL,-1.43%
04/22/20,41.98,44.91,45.07,41.41,NULL,-7.55%
04/21/20,45.41,44.28,47.77,43.77,NULL,3.60%
04/20/20,43.83,40.68,43.83,39.88,NULL,14.89%
04/17/20,38.15,39.5,40.26,37.63,NULL,-4.89%
04/16/20,40.11,41.92,43.02,39.87,NULL,-1.79%
04/15/20,40.84,39.4,43.23,39.34,NULL,8.16%
04/14/20,37.76,40.24,40.57,37.31,NULL,-8.28%
04/13/20,41.17,44.6,45.04,41.17,NULL,-1.20%
04/09/20,41.67,43,45.73,41.39,NULL,-3.88%
04/08/20,43.35,45.9,47.28,42.53,NULL,-7.17%
04/07/20,46.7,44.83,47.51,43.51,NULL,3.23%
04/06/20,45.24,44.17,45.73,43.45,NULL,-3.33%
04/03/20,46.8,51.11,52.29,46.74,NULL,-8.07%
04/02/20,50.91,54.46,57.24,50.45,NULL,-10.78%
04/01/20,57.06,57.38,60.59,52.76,NULL,6.57%
03/31/20,53.54,56.69,58.75,50.88,NULL,-6.20%
03/30/20,57.08,66.3,67.69,56.6,NULL,-12.91%
03/27/20,65.54,64.95,69.1,61.8,NULL,7.44%
03/26/20,61,65.67,67.06,57.66,NULL,-4.61%
03/25/20,63.95,61.44,68.86,58.03,NULL,3.70%
03/24/20,61.67,58.76,61.88,36.24,NULL,0.13%
03/23/20,61.59,74.08,76.74,60.46,NULL,-6.74%
03/20/20,66.04,67.86,69.51,57.42,NULL,-8.28%
03/19/20,72,80.62,84.26,68.57,NULL,-5.82%
03/18/20,76.45,69.37,85.47,69.37,NULL,0.71%
03/17/20,75.91,82.69,84.83,70.37,NULL,-8.20%
03/16/20,82.69,57.83,83.56,57.83,NULL,42.99%
03/13/20,57.83,71.31,77.57,55.17,NULL,-23.37%
03/12/20,75.47,61.46,76.83,59.91,NULL,40.02%
03/11/20,53.9,52.24,55.82,49.98,NULL,13.95%
03/10/20,47.3,49.68,55.66,43.56,NULL,-13.15%
03/09/20,54.46,41.94,62.12,41.94,NULL,29.85%
03/06/20,41.94,41.46,54.39,40.84,NULL,5.86%
03/05/20,39.62,33.61,42.84,33.54,NULL,23.85%
03/04/20,31.99,34.44,35.58,30.3,NULL,-13.12%
03/03/20,36.82,33.64,41.06,24.93,NULL,10.17%
03/02/20,33.42,34.86,43.77,31.5,NULL,-16.68%
02/28/20,40.11,42.02,49.48,39.37,NULL,2.43%
02/27/20,39.16,28.95,39.31,27.79,NULL,42.09%
02/26/20,27.56,26.63,29.57,24.76,NULL,-1.04%
02/25/20,27.85,22.19,30.25,22.19,NULL,11.27%
02/24/20,25.03,22.25,26.35,22,NULL,46.55%
02/21/20,17.08,17.33,18.21,16.19,NULL,9.77%
02/20/20,15.56,14.54,17.21,14.49,NULL,8.21%
02/19/20,14.38,14.66,14.74,14.21,NULL,-3.03%
02/18/20,14.83,14.98,15.49,14.53,NULL,8.41%
02/14/20,13.68,14.12,14.54,13.38,NULL,-3.32%
02/13/20,14.15,14.43,15.44,14,NULL,2.98%
02/12/20,13.74,14.86,14.88,13.73,NULL,-9.49%
02/11/20,15.18,14.91,15.27,14.38,NULL,0.93%
02/10/20,15.04,15.88,16.43,15.01,NULL,-2.78%
02/07/20,15.47,15.07,16.16,14.81,NULL,3.41%
02/06/20,14.96,15.13,15.66,14.7,NULL,-1.25%
02/05/20,15.15,16.29,16.32,15.02,NULL,-5.61%
02/04/20,16.05,16.45,16.46,15.63,NULL,-10.68%
02/03/20,17.97,18.64,18.88,17.1,NULL,-4.62%
01/31/20,18.84,16.25,19.99,16.18,NULL,21.63%
01/30/20,15.49,17.82,18.39,15.3,NULL,-5.49%
01/29/20,16.39,15.68,16.65,14.94,NULL,0.68%
01/28/20,16.28,16.94,18.03,15.69,NULL,-10.70%
01/27/20,18.23,17.42,19.02,16.82,NULL,25.21%
01/24/20,14.56,12.75,15.98,12.62,NULL,12.17%
01/23/20,12.98,13.26,14.15,12.94,NULL,0.54%
01/22/20,12.91,12.45,13.01,12.31,NULL,0.47%
01/21/20,12.85,13.23,13.33,12.32,NULL,6.20%
01/17/20,12.1,12.21,12.48,11.75,NULL,-1.79%
01/16/20,12.32,12.2,12.42,11.78,NULL,-0.81%
01/15/20,12.42,12.79,12.83,11.95,NULL,0.24%
01/14/20,12.39,12.72,13.82,12.05,NULL,0.57%
01/13/20,12.32,12.84,13.09,12.32,NULL,-1.91%
01/10/20,12.56,12.42,12.87,12.09,NULL,0.16%
01/09/20,12.54,12.95,13.24,12.53,NULL,-6.77%
01/08/20,13.45,15.16,15.24,12.83,NULL,-2.47%
01/07/20,13.79,13.84,14.46,13.39,NULL,-0.43%
01/06/20,13.85,15.45,16.39,13.54,NULL,-1.21%
01/03/20,14.02,15.01,16.2,13.13,NULL,12.43%
01/02/20,12.47,13.46,13.72,12.42,NULL,-9.51%
12/31/19,13.78,14.84,15.39,13.75,NULL,-7.02%
12/30/19,14.82,13.74,15.14,13.44,NULL,10.35%
12/27/19,13.43,12.61,13.72,11.89,NULL,6.17%
12/26/19,12.65,12.74,12.75,11.72,NULL,-0.16%
12/24/19,12.67,12.65,12.84,12.56,NULL,0.48%
12/23/19,12.61,12.81,12.9,12.41,NULL,0.80%
12/20/19,12.51,12.55,12.61,12.04,NULL,0.08%
12/19/19,12.5,12.55,12.78,12.43,NULL,-0.64%
12/18/19,12.58,12.24,12.7,11.93,NULL,2.36%
12/17/19,12.29,12.23,12.47,11.9,NULL,1.24%
12/16/19,12.14,12.47,12.53,11.71,NULL,-3.88%
12/13/19,12.63,13.18,14.35,12.54,NULL,-9.40%
12/12/19,13.94,14.94,15.55,13.6,NULL,-7.00%
12/11/19,14.99,15.57,15.97,14.98,NULL,-4.40%
12/10/19,15.68,15.8,16.9,14.93,NULL,-1.13%
12/09/19,15.86,14.25,16.07,12.25,NULL,16.45%
12/06/19,13.62,14.37,14.47,13.19,NULL,-6.20%
12/05/19,14.52,14.46,15.37,14.17,NULL,-1.89%
12/04/19,14.8,16.38,16.4,14.12,NULL,-7.27%
12/03/19,15.96,14.68,17.99,14.61,NULL,7.04%
12/02/19,14.91,12.69,15.27,12.55,NULL,18.15%
11/29/19,12.62,12.5,12.83,12.12,NULL,7.40%
11/27/19,11.75,11.55,11.79,11.44,NULL,1.82%
11/26/19,11.54,11.88,12.04,11.42,NULL,-2.78%
11/25/19,11.87,12.51,12.59,11.73,NULL,-3.81%
11/22/19,12.34,12.82,13.25,12.33,NULL,-6.02%
11/21/19,13.13,13.35,13.86,12.49,NULL,2.74%
11/20/19,12.78,13.42,14.17,12.61,NULL,-0.62%
11/19/19,12.86,12.33,13.01,12.16,NULL,3.21%
11/18/19,12.46,12.39,13.1,12.32,NULL,3.40%
11/15/19,12.05,12.95,12.97,11.92,NULL,-7.66%
11/14/19,13.05,13.16,13.81,12.93,NULL,0.38%
11/13/19,13,12.91,13.9,12.88,NULL,2.52%
11/12/19,12.68,12.64,13.1,12.36,NULL,-0.08%
11/11/19,12.69,13.15,13.49,12.66,NULL,5.14%
11/08/19,12.07,12.98,13.05,12,NULL,-5.18%
11/07/19,12.73,12.59,12.89,12.26,NULL,0.87%
11/06/19,12.62,13.18,13.39,12.6,NULL,-3.66%
11/05/19,13.1,12.85,13.28,12.25,NULL,2.10%
11/04/19,12.83,12.68,13.13,12.44,NULL,4.31%
11/01/19,12.3,12.99,13.12,12.25,NULL,-6.96%
10/31/19,13.22,12.21,13.95,12.19,NULL,7.22%
10/30/19,12.33,13.23,13.77,12.27,NULL,-6.59%
10/29/19,13.2,13.16,13.52,13.07,NULL,0.69%
10/28/19,13.11,13.01,13.14,12.66,NULL,3.64%
10/25/19,12.65,13.53,13.79,12.62,NULL,-7.73%
10/24/19,13.71,13.98,14.34,13.4,NULL,-2.14%
10/23/19,14.01,14.83,15.12,14.01,NULL,-3.11%
10/22/19,14.46,13.99,14.61,13.7,NULL,3.29%
10/21/19,14,14.24,14.63,14,NULL,-1.75%
10/18/19,14.25,14.2,15.16,13.78,NULL,3.34%
10/17/19,13.79,13.79,14.18,13.31,NULL,0.80%
10/16/19,13.68,13.94,14.26,13.6,NULL,1.03%
10/15/19,13.54,13.94,14.43,13.39,NULL,-7.07%
10/14/19,14.57,15.66,16.5,14.51,NULL,-6.48%
10/11/19,15.58,17.35,17.44,15.11,NULL,-11.33%
10/10/19,17.57,19.28,19.8,17.56,NULL,-5.74%
10/09/19,18.64,19.94,20,17.77,NULL,-8.09%
10/08/19,20.28,17.61,20.38,17.42,NULL,13.55%
10/07/19,17.86,18.27,18.52,16.44,NULL,4.81%
10/04/19,17.04,19.42,19.97,16.97,NULL,-10.88%
10/03/19,19.12,20.11,21.44,19.03,NULL,-7.00%
10/02/19,20.56,18.75,21.46,18.75,NULL,10.78%
10/01/19,18.56,16.02,18.62,15.79,NULL,14.29%
09/30/19,16.24,17.23,17.35,16.2,NULL,-5.69%
09/27/19,17.22,15.77,18.69,15.15,NULL,7.16%
09/26/19,16.07,16.23,17.09,15.35,NULL,0.69%
09/25/19,15.96,17.05,18.45,15.69,NULL,-6.39%
09/24/19,17.05,14.77,17.62,14.33,NULL,14.35%
09/23/19,14.91,15.35,16,14.71,NULL,-2.68%
09/20/19,15.32,13.94,15.84,13.35,NULL,9.04%
09/19/19,14.05,14.66,14.66,13.31,NULL,0.72%
09/18/19,13.95,14.61,15.8,13.8,NULL,-3.39%
09/17/19,14.44,14.92,15.03,14.4,NULL,-1.57%
09/16/19,14.67,14.89,15.29,14.5,NULL,6.77%
09/13/19,13.74,14.16,14.31,13.51,NULL,-3.38%
09/12/19,14.22,14.69,14.94,13.85,NULL,-2.67%
09/11/19,14.61,15.33,15.52,14.55,NULL,-3.88%
09/10/19,15.2,15.53,16.52,15.11,NULL,-0.46%
09/09/19,15.27,15.26,16.13,14.95,NULL,1.80%
09/06/19,15,15.92,16.06,14.91,NULL,-7.81%
09/05/19,16.27,16.92,17.05,15.45,NULL,-6.12%
09/04/19,17.33,18.23,18.83,17.26,NULL,-11.85%
09/03/19,19.66,20.96,21.15,19.41,NULL,3.58%
08/30/19,18.98,17.94,19.18,17.09,NULL,6.15%
08/29/19,17.88,19.02,19.2,17.6,NULL,-7.60%
08/28/19,19.35,20.55,21.64,19.1,NULL,-4.73%
08/27/19,20.31,20.18,21.04,18.49,NULL,5.12%
08/26/19,19.32,20.34,21.33,19.06,NULL,-2.77%
08/23/19,19.87,16.15,21.07,16.04,NULL,19.12%
08/22/19,16.68,16.12,17.68,15.63,NULL,5.57%
08/21/19,15.8,17.01,17.04,15.51,NULL,-9.71%
08/20/19,17.5,16.78,17.7,16.45,NULL,3.67%
08/19/19,16.88,17.93,18.22,16.52,NULL,-8.61%
08/16/19,18.47,20.48,20.5,18.41,NULL,-12.80%
08/15/19,21.18,21.58,24.1,20.78,NULL,-4.16%
08/14/19,22.1,17.81,22.71,17.75,NULL,26.14%
08/13/19,17.52,21.28,21.64,17.52,NULL,-16.93%
08/12/19,21.09,17.87,21.26,17.77,NULL,17.36%
08/09/19,17.97,18.14,19.44,17.31,NULL,6.27%
08/08/19,16.91,19.36,19.89,16.82,NULL,-13.24%
08/07/19,19.49,20.7,23.67,18.94,NULL,-3.37%
08/06/19,20.17,22.29,22.87,19.77,NULL,-17.97%
08/05/19,24.59,19.96,24.81,19.91,NULL,39.64%
08/02/19,17.61,17.69,20.11,17.04,NULL,-1.45%
08/01/19,17.87,15.41,19.46,13.73,NULL,10.86%
07/31/19,16.12,13.83,16.55,13.46,NULL,15.64%
07/30/19,13.94,12.87,14.18,12.87,NULL,8.65%
07/29/19,12.83,12.15,13.17,12.15,NULL,5.51%
07/26/19,12.16,12.58,12.72,12.01,NULL,-4.55%
07/25/19,12.74,12.24,13.54,11.69,NULL,5.55%
07/24/19,12.07,12.8,13.1,11.98,NULL,-4.28%
07/23/19,12.61,13.42,13.52,12.55,NULL,-6.80%
07/22/19,13.53,14.55,14.7,13.42,NULL,-6.37%
07/19/19,14.45,13.31,14.45,13.09,NULL,6.80%
07/18/19,13.53,14.45,14.5,13.19,NULL,-3.15%
07/17/19,13.97,12.62,13.97,12.24,NULL,8.63%
07/16/19,12.86,12.61,13.14,12.28,NULL,1.42%
07/15/19,12.68,12.58,13.02,12.49,NULL,2.34%
07/12/19,12.39,12.76,12.82,12.28,NULL,-4.18%
07/11/19,12.93,13.01,13.33,12.39,NULL,-0.77%
07/10/19,13.03,14.38,14.69,12.98,NULL,-7.52%
07/09/19,14.09,14.47,14.71,13.99,NULL,0.93%
07/08/19,13.96,13.73,14.44,13.64,NULL,5.12%
07/05/19,13.28,13,14.47,12.04,NULL,5.65%
07/03/19,12.57,13.18,13.19,12.56,NULL,-2.78%
07/02/19,12.93,14.16,14.3,12.9,NULL,-8.04%
07/01/19,14.06,13.85,14.64,13.8,NULL,-6.76%
06/28/19,15.08,15.7,16.13,15.08,NULL,-4.68%
06/27/19,15.82,15.66,16.4,15.66,NULL,-2.41%
06/26/19,16.21,16.1,16.6,15.47,NULL,-0.43%
06/25/19,16.28,15.43,16.68,15.1,NULL,6.68%
06/24/19,15.26,15.46,15.56,15.23,NULL,-0.91%
06/21/19,15.4,14.74,15.48,14.42,NULL,4.41%
06/20/19,14.75,14.04,16.03,13.19,NULL,2.93%
06/19/19,14.33,15.05,15.71,14.15,NULL,-5.41%
06/18/19,15.15,14.89,15.54,14.62,NULL,-1.30%
06/17/19,15.35,15.65,15.76,15.24,NULL,0.46%
06/14/19,15.28,16,16.4,15.21,NULL,-3.41%
06/13/19,15.82,16.16,16.21,15.61,NULL,-0.57%
06/12/19,15.91,16.26,16.43,15.78,NULL,-0.50%
06/11/19,15.99,15.84,16.7,15.5,NULL,0.31%
06/10/19,15.94,16.3,16.47,15.84,NULL,-2.21%
06/07/19,16.3,15.65,16.44,15.33,NULL,2.32%
06/06/19,15.93,16.25,16.54,15.36,NULL,-0.99%
06/05/19,16.09,17.06,17.49,16.04,NULL,-5.19%
06/04/19,16.97,18.74,18.74,16.97,NULL,-10.02%
06/03/19,18.86,19.41,19.75,18.16,NULL,0.80%
05/31/19,18.71,19.05,19.72,18.01,NULL,8.15%
05/30/19,17.3,17.47,18.11,16.72,NULL,-3.35%
05/29/19,17.9,18.55,19.04,17.62,NULL,2.29%
05/28/19,17.5,16.55,17.7,15.9,NULL,10.41%
05/24/19,15.85,16.34,16.52,15.52,NULL,-6.32%
05/23/19,16.92,15.93,18.05,15.28,NULL,14.71%
05/22/19,14.75,15.06,15.44,14.42,NULL,-1.34%
05/21/19,14.95,15.86,16.22,14.79,NULL,-8.34%
05/20/19,16.31,15.88,17.63,15.46,NULL,2.19%
05/17/19,15.96,15.89,16.81,14.86,NULL,4.38%
05/16/19,15.29,16.69,17.13,15.16,NULL,-7.00%
05/15/19,16.44,17.57,19.15,16.41,NULL,-8.97%
05/14/19,18.06,19.4,19.65,17.45,NULL,-12.12%
05/13/19,20.55,18.62,21.32,18.35,NULL,28.12%
05/10/19,16.04,18.79,20.19,15.57,NULL,-16.02%
05/09/19,19.1,21.4,23.38,18.87,NULL,-1.55%
05/08/19,19.4,18.95,21.74,18.29,NULL,0.41%
05/07/19,19.32,15.9,21.84,15.8,NULL,25.13%
05/06/19,15.44,12.89,18.8,12.89,NULL,19.97%
05/03/19,12.87,14.11,14.15,12.8,NULL,-10.75%
05/02/19,14.42,14.35,15.92,13.8,NULL,-2.57%
05/01/19,14.8,12.86,14.83,12.74,NULL,12.80%
04/30/19,13.12,13.11,14.05,12.88,NULL,0.08%
04/29/19,13.11,13.04,13.27,12.65,NULL,2.99%
04/26/19,12.73,13.44,13.62,12.49,NULL,-3.92%
04/25/19,13.25,13.29,14.3,12.81,NULL,0.84%
04/24/19,13.14,12.53,13.23,12.26,NULL,7.00%
04/23/19,12.28,12.66,12.69,12.08,NULL,-1.13%
04/22/19,12.42,13.21,13.36,12.38,NULL,2.73%
04/19/19,12.09,12.09,12.09,12.09,NULL,0.00%
04/18/19,12.09,12.8,13.12,12.02,NULL,-4.05%
04/17/19,12.6,12.12,13.02,11.03,NULL,3.45%
04/16/19,12.18,12.26,12.47,11.85,NULL,-1.14%
04/15/19,12.32,12.46,13.14,12.24,NULL,2.58%
04/12/19,12.01,12.96,12.96,11.95,NULL,-7.76%
04/11/19,13.02,13.37,13.58,12.91,NULL,-2.11%
04/10/19,13.3,14.09,14.29,13.27,NULL,-6.86%
04/09/19,14.28,13.46,14.39,13.31,NULL,8.35%
04/08/19,13.18,13.55,13.77,13.1,NULL,2.81%
04/05/19,12.82,13.46,13.47,12.17,NULL,-5.60%
04/04/19,13.58,13.84,14.03,13.4,NULL,-1.16%
04/03/19,13.74,13.06,14.27,12.85,NULL,2.84%
04/02/19,13.36,13.62,13.68,13.13,NULL,-0.30%
04/01/19,13.4,13.9,14.01,13.32,NULL,-2.26%
03/29/19,13.71,14.19,14.43,13.64,NULL,-4.99%
03/28/19,14.43,15.38,15.62,14.41,NULL,-4.75%
03/27/19,15.15,14.52,16.71,14.51,NULL,3.20%
03/26/19,14.68,16.22,16.3,14.67,NULL,-10.10%
03/25/19,16.33,17.76,17.85,16.26,NULL,-0.91%
03/22/19,16.48,13.77,17.52,13.62,NULL,20.91%
03/21/19,13.63,14.11,14.56,13.26,NULL,-2.01%
03/20/19,13.91,13.54,14.3,13.05,NULL,2.58%
03/19/19,13.56,12.89,13.77,12.37,NULL,3.51%
03/18/19,13.1,13.13,13.8,13,NULL,1.71%
03/15/19,12.88,13.21,13.28,12.5,NULL,-4.59%
03/14/19,13.5,13.35,13.84,13.16,NULL,0.67%
03/13/19,13.41,14,14.05,13.25,NULL,-2.61%
03/12/19,13.77,13.97,14.7,13.61,NULL,-3.91%
03/11/19,14.33,16.28,16.43,14.33,NULL,-10.72%
03/08/19,16.05,17.38,18.33,16.02,NULL,-3.25%
03/07/19,16.59,16.33,17.81,15.54,NULL,5.40%
03/06/19,15.74,14.91,16.11,14.74,NULL,6.78%
03/05/19,14.74,14.52,15.39,14.26,NULL,0.75%
03/04/19,14.63,13.77,16.98,13.38,NULL,7.81%
03/01/19,13.57,14.57,14.84,13.41,NULL,-8.19%
02/28/19,14.78,15.17,15.24,14.39,NULL,0.54%
02/27/19,14.7,15.53,16.17,14.7,NULL,-3.10%
02/26/19,15.17,15.16,15.28,14.52,NULL,2.15%
02/25/19,14.85,13.91,14.9,13.44,NULL,9.92%
02/22/19,13.51,14.46,14.47,13.51,NULL,-6.57%
02/21/19,14.46,14,15.17,13.85,NULL,3.14%
02/20/19,14.02,14.92,15.19,13.99,NULL,-5.78%
02/19/19,14.88,15.65,16.16,14.64,NULL,-0.20%
02/15/19,14.91,16.82,16.82,14.79,NULL,-8.08%
02/14/19,16.22,15.61,17.27,15.3,NULL,3.64%
02/13/19,15.65,15.46,15.91,15,NULL,1.43%
02/12/19,15.43,15.23,15.65,14.95,NULL,-3.38%
02/11/19,15.97,16.17,16.5,15.34,NULL,1.59%
02/08/19,15.72,16.81,17.63,15.62,NULL,-3.97%
02/07/19,16.37,15.66,17.89,15.51,NULL,6.44%
02/06/19,15.38,15.44,15.87,15.09,NULL,-1.22%
02/05/19,15.57,15.79,15.94,15.04,NULL,-1.02%
02/04/19,15.73,16.72,16.73,15.6,NULL,-2.54%
02/01/19,16.14,16.63,16.83,16.08,NULL,-2.60%
01/31/19,16.57,17.39,17.72,16.54,NULL,-6.17%
01/30/19,17.66,19.15,19.31,17.54,NULL,-7.68%
01/29/19,19.13,19.45,19.93,18.42,NULL,1.38%
01/28/19,18.87,18.56,20.42,18.42,NULL,8.32%
01/25/19,17.42,18.43,18.46,17.31,NULL,-7.78%
01/24/19,18.89,19.69,20.25,18.63,NULL,-3.23%
01/23/19,19.52,20.85,22.02,19.47,NULL,-6.15%
01/22/19,20.8,18.53,21.15,18.2,NULL,16.85%
01/18/19,17.8,17.8,18.18,17.17,NULL,-1.44%
01/17/19,18.06,19.51,19.72,17.85,NULL,-5.15%
01/16/19,19.04,18.08,19.04,17.76,NULL,2.37%
01/15/19,18.6,18.53,19.2,17.98,NULL,-2.46%
01/14/19,19.07,19.84,20.27,18.7,NULL,4.84%
01/11/19,18.19,19.68,20.16,18.12,NULL,-6.72%
01/10/19,19.5,20.98,21.32,19.29,NULL,-2.40%
01/09/19,19.98,20.44,22.8,19.48,NULL,-2.39%
01/08/19,20.47,20.96,22.03,20.09,NULL,-4.35%
01/07/19,21.4,22.06,22.71,20.91,NULL,0.09%
01/04/19,21.38,24.36,24.48,21.19,NULL,-15.99%
01/03/19,25.45,25.68,26.6,24.05,NULL,9.60%
01/02/19,23.22,27.54,28.53,23.05,NULL,-8.65%
12/31/18,25.42,27.59,27.64,25.33,NULL,-10.30%
12/28/18,28.34,29.97,31.05,27.43,NULL,-5.41%
12/27/18,29.96,31.2,33.8,29.66,NULL,-1.48%
12/26/18,30.41,35.5,36.2,29.59,NULL,-15.69%
12/24/18,36.07,29.29,36.1,29.16,NULL,19.79%
12/21/18,30.11,28.24,31.35,25.71,NULL,6.10%
12/20/18,28.38,26.09,30.3,24.68,NULL,10.95%
12/19/18,25.58,25.15,26.64,22.5,NULL,0.00%
12/18/18,25.58,24.68,26.14,23.64,NULL,4.32%
12/17/18,24.52,22.36,25.88,21.97,NULL,13.36%
12/14/18,21.63,21.57,22.47,20.95,NULL,4.75%
12/13/18,20.65,21,21.57,20.34,NULL,-3.77%
12/12/18,21.46,21.91,21.91,20.5,NULL,-1.38%
12/11/18,21.76,22.96,23.6,21.39,NULL,-3.89%
12/10/18,22.64,23.95,25.94,22.5,NULL,-2.54%
12/07/18,23.23,22.42,24.71,19.9,NULL,9.63%
12/06/18,21.19,23.53,25.94,20.94,NULL,2.17%
12/04/18,20.74,16.84,21.94,16.26,NULL,26.16%
12/03/18,16.44,16.04,17.28,15.94,NULL,-9.02%
11/30/18,18.07,19.18,19.91,18.03,NULL,-3.83%
11/29/18,18.79,18.65,20.48,18.59,NULL,1.62%
11/28/18,18.49,18.87,19.38,18.18,NULL,-2.79%
11/27/18,19.02,19.41,19.93,18.7,NULL,0.63%
11/26/18,18.9,20.78,20.8,18.67,NULL,-12.17%
